USE [master]
GO
/****** Object:  Database [QLHOCSINH]    Script Date: 17/07/2023 9:09:22 PM ******/
CREATE DATABASE [QLHOCSINH]
 CONTAINMENT = NONE
 ON  PRIMARY 
( NAME = N'QLHOCSINH', FILENAME = N'C:\Program Files\Microsoft SQL Server\MSSQL15.MSSQLSERVER1\MSSQL\DATA\QLHOCSINH.mdf' , SIZE = 8192KB , MAXSIZE = UNLIMITED, FILEGROWTH = 65536KB )
 LOG ON 
( NAME = N'QLHOCSINH_log', FILENAME = N'C:\Program Files\Microsoft SQL Server\MSSQL15.MSSQLSERVER1\MSSQL\DATA\QLHOCSINH_log.ldf' , SIZE = 8192KB , MAXSIZE = 2048GB , FILEGROWTH = 65536KB )
 WITH CATALOG_COLLATION = DATABASE_DEFAULT
GO
ALTER DATABASE [QLHOCSINH] SET COMPATIBILITY_LEVEL = 150
GO
IF (1 = FULLTEXTSERVICEPROPERTY('IsFullTextInstalled'))
begin
EXEC [QLHOCSINH].[dbo].[sp_fulltext_database] @action = 'enable'
end
GO
ALTER DATABASE [QLHOCSINH] SET ANSI_NULL_DEFAULT OFF 
GO
ALTER DATABASE [QLHOCSINH] SET ANSI_NULLS OFF 
GO
ALTER DATABASE [QLHOCSINH] SET ANSI_PADDING OFF 
GO
ALTER DATABASE [QLHOCSINH] SET ANSI_WARNINGS OFF 
GO
ALTER DATABASE [QLHOCSINH] SET ARITHABORT OFF 
GO
ALTER DATABASE [QLHOCSINH] SET AUTO_CLOSE OFF 
GO
ALTER DATABASE [QLHOCSINH] SET AUTO_SHRINK OFF 
GO
ALTER DATABASE [QLHOCSINH] SET AUTO_UPDATE_STATISTICS ON 
GO
ALTER DATABASE [QLHOCSINH] SET CURSOR_CLOSE_ON_COMMIT OFF 
GO
ALTER DATABASE [QLHOCSINH] SET CURSOR_DEFAULT  GLOBAL 
GO
ALTER DATABASE [QLHOCSINH] SET CONCAT_NULL_YIELDS_NULL OFF 
GO
ALTER DATABASE [QLHOCSINH] SET NUMERIC_ROUNDABORT OFF 
GO
ALTER DATABASE [QLHOCSINH] SET QUOTED_IDENTIFIER OFF 
GO
ALTER DATABASE [QLHOCSINH] SET RECURSIVE_TRIGGERS OFF 
GO
ALTER DATABASE [QLHOCSINH] SET  ENABLE_BROKER 
GO
ALTER DATABASE [QLHOCSINH] SET AUTO_UPDATE_STATISTICS_ASYNC OFF 
GO
ALTER DATABASE [QLHOCSINH] SET DATE_CORRELATION_OPTIMIZATION OFF 
GO
ALTER DATABASE [QLHOCSINH] SET TRUSTWORTHY OFF 
GO
ALTER DATABASE [QLHOCSINH] SET ALLOW_SNAPSHOT_ISOLATION OFF 
GO
ALTER DATABASE [QLHOCSINH] SET PARAMETERIZATION SIMPLE 
GO
ALTER DATABASE [QLHOCSINH] SET READ_COMMITTED_SNAPSHOT OFF 
GO
ALTER DATABASE [QLHOCSINH] SET HONOR_BROKER_PRIORITY OFF 
GO
ALTER DATABASE [QLHOCSINH] SET RECOVERY FULL 
GO
ALTER DATABASE [QLHOCSINH] SET  MULTI_USER 
GO
ALTER DATABASE [QLHOCSINH] SET PAGE_VERIFY CHECKSUM  
GO
ALTER DATABASE [QLHOCSINH] SET DB_CHAINING OFF 
GO
ALTER DATABASE [QLHOCSINH] SET FILESTREAM( NON_TRANSACTED_ACCESS = OFF ) 
GO
ALTER DATABASE [QLHOCSINH] SET TARGET_RECOVERY_TIME = 60 SECONDS 
GO
ALTER DATABASE [QLHOCSINH] SET DELAYED_DURABILITY = DISABLED 
GO
ALTER DATABASE [QLHOCSINH] SET ACCELERATED_DATABASE_RECOVERY = OFF  
GO
EXEC sys.sp_db_vardecimal_storage_format N'QLHOCSINH', N'ON'
GO
ALTER DATABASE [QLHOCSINH] SET QUERY_STORE = OFF
GO
USE [QLHOCSINH]
GO
/****** Object:  Table [dbo].[BOMON]    Script Date: 17/07/2023 9:09:22 PM ******/
SET ANSI_NULLS ON
GO
SET QUOTED_IDENTIFIER ON
GO
CREATE TABLE [dbo].[BOMON](
	[MABM] [varchar](10) NOT NULL,
	[TENBM] [varchar](255) NOT NULL,
	[MAKHOA] [varchar](10) NULL,
PRIMARY KEY CLUSTERED 
(
	[MABM] ASC
)WITH (PAD_INDEX = OFF, STATISTICS_NORECOMPUTE = OFF, IGNORE_DUP_KEY = OFF, ALLOW_ROW_LOCKS = ON, ALLOW_PAGE_LOCKS = ON, OPTIMIZE_FOR_SEQUENTIAL_KEY = OFF) ON [PRIMARY]
) ON [PRIMARY]
GO
/****** Object:  Table [dbo].[DKHP]    Script Date: 17/07/2023 9:09:22 PM ******/
SET ANSI_NULLS ON
GO
SET QUOTED_IDENTIFIER ON
GO
CREATE TABLE [dbo].[DKHP](
	[MASV] [varchar](10) NOT NULL,
	[MALHP] [varchar](10) NOT NULL,
	[DIEMTKY] [int] NULL,
	[DIEMGK] [int] NULL,
	[DIEMCK] [int] NULL,
	[DIEMTBHE10] [int] NULL,
	[DIEMTBHE4] [int] NULL,
	[HOCPHI] [int] NULL,
	[TTRANGHP] [varchar](255) NULL,
	[GHICHU] [varchar](255) NULL,
 CONSTRAINT [DKHP_SVLHP_PK] PRIMARY KEY CLUSTERED 
(
	[MASV] ASC,
	[MALHP] ASC
)WITH (PAD_INDEX = OFF, STATISTICS_NORECOMPUTE = OFF, IGNORE_DUP_KEY = OFF, ALLOW_ROW_LOCKS = ON, ALLOW_PAGE_LOCKS = ON, OPTIMIZE_FOR_SEQUENTIAL_KEY = OFF) ON [PRIMARY]
) ON [PRIMARY]
GO
/****** Object:  Table [dbo].[HOCBONG]    Script Date: 17/07/2023 9:09:22 PM ******/
SET ANSI_NULLS ON
GO
SET QUOTED_IDENTIFIER ON
GO
CREATE TABLE [dbo].[HOCBONG](
	[LOAIHB] [varchar](255) NOT NULL,
	[MOTAHB] [varchar](255) NULL,
	[GIATRIHB] [int] NULL,
	[MASV] [varchar](10) NOT NULL,
 CONSTRAINT [HB_PK] PRIMARY KEY CLUSTERED 
(
	[MASV] ASC,
	[LOAIHB] ASC
)WITH (PAD_INDEX = OFF, STATISTICS_NORECOMPUTE = OFF, IGNORE_DUP_KEY = OFF, ALLOW_ROW_LOCKS = ON, ALLOW_PAGE_LOCKS = ON, OPTIMIZE_FOR_SEQUENTIAL_KEY = OFF) ON [PRIMARY]
) ON [PRIMARY]
GO
/****** Object:  Table [dbo].[HOCPHAN]    Script Date: 17/07/2023 9:09:22 PM ******/
SET ANSI_NULLS ON
GO
SET QUOTED_IDENTIFIER ON
GO
CREATE TABLE [dbo].[HOCPHAN](
	[MAHP] [varchar](10) NOT NULL,
	[TENHP] [varchar](255) NOT NULL,
	[SOTC] [int] NULL,
	[BATBUOC] [varchar](255) NULL,
	[GHICHU] [varchar](255) NULL,
	[MABM] [varchar](10) NULL,
PRIMARY KEY CLUSTERED 
(
	[MAHP] ASC
)WITH (PAD_INDEX = OFF, STATISTICS_NORECOMPUTE = OFF, IGNORE_DUP_KEY = OFF, ALLOW_ROW_LOCKS = ON, ALLOW_PAGE_LOCKS = ON, OPTIMIZE_FOR_SEQUENTIAL_KEY = OFF) ON [PRIMARY]
) ON [PRIMARY]
GO
/****** Object:  Table [dbo].[KHOA]    Script Date: 17/07/2023 9:09:22 PM ******/
SET ANSI_NULLS ON
GO
SET QUOTED_IDENTIFIER ON
GO
CREATE TABLE [dbo].[KHOA](
	[MAKHOA] [varchar](10) NOT NULL,
	[TENKHOA] [varchar](255) NOT NULL,
	[SDTKHOA] [varchar](10) NULL,
PRIMARY KEY CLUSTERED 
(
	[MAKHOA] ASC
)WITH (PAD_INDEX = OFF, STATISTICS_NORECOMPUTE = OFF, IGNORE_DUP_KEY = OFF, ALLOW_ROW_LOCKS = ON, ALLOW_PAGE_LOCKS = ON, OPTIMIZE_FOR_SEQUENTIAL_KEY = OFF) ON [PRIMARY]
) ON [PRIMARY]
GO
/****** Object:  Table [dbo].[LOP]    Script Date: 17/07/2023 9:09:22 PM ******/
SET ANSI_NULLS ON
GO
SET QUOTED_IDENTIFIER ON
GO
CREATE TABLE [dbo].[LOP](
	[MALOP] [varchar](10) NOT NULL,
	[TENLOP] [varchar](255) NOT NULL,
	[CHUYENNGANH] [varchar](255) NULL,
	[LOPTRUONG] [varchar](10) NULL,
	[SL_SV] [int] NULL,
	[MAKHOA] [varchar](10) NULL,
	[NIENKHOA] [varchar](255) NULL,
PRIMARY KEY CLUSTERED 
(
	[MALOP] ASC
)WITH (PAD_INDEX = OFF, STATISTICS_NORECOMPUTE = OFF, IGNORE_DUP_KEY = OFF, ALLOW_ROW_LOCKS = ON, ALLOW_PAGE_LOCKS = ON, OPTIMIZE_FOR_SEQUENTIAL_KEY = OFF) ON [PRIMARY]
) ON [PRIMARY]
GO
/****** Object:  Table [dbo].[LOPHP]    Script Date: 17/07/2023 9:09:22 PM ******/
SET ANSI_NULLS ON
GO
SET QUOTED_IDENTIFIER ON
GO
CREATE TABLE [dbo].[LOPHP](
	[MALHP] [varchar](10) NOT NULL,
	[MALOP] [varchar](10) NOT NULL,
	[MAHP] [varchar](10) NOT NULL,
	[TGBD] [datetime] NULL,
	[TGKT] [datetime] NULL,
	[SSTOIDA] [int] NULL,
	[DADK] [int] NULL,
	[HOCKY] [int] NULL,
	[NAM] [varchar](10) NULL,
PRIMARY KEY CLUSTERED 
(
	[MALHP] ASC
)WITH (PAD_INDEX = OFF, STATISTICS_NORECOMPUTE = OFF, IGNORE_DUP_KEY = OFF, ALLOW_ROW_LOCKS = ON, ALLOW_PAGE_LOCKS = ON, OPTIMIZE_FOR_SEQUENTIAL_KEY = OFF) ON [PRIMARY]
) ON [PRIMARY]
GO
/****** Object:  Table [dbo].[SINHVIEN]    Script Date: 17/07/2023 9:09:22 PM ******/
SET ANSI_NULLS ON
GO
SET QUOTED_IDENTIFIER ON
GO
CREATE TABLE [dbo].[SINHVIEN](
	[MASV] [varchar](10) NOT NULL,
	[HOSV] [varchar](255) NOT NULL,
	[TENSV] [varchar](255) NOT NULL,
	[CMND] [varchar](255) NULL,
	[TUOI] [int] NULL,
	[NAMSINH] [date] NULL,
	[PHAI] [varchar](10) NULL,
	[DIACHI] [varchar](255) NULL,
	[CONGNO] [int] NULL,
	[LHDT] [varchar](255) NULL,
	[MALOP] [varchar](10) NULL,
	[KHOAHOC] [varchar](255) NULL,
PRIMARY KEY CLUSTERED 
(
	[MASV] ASC
)WITH (PAD_INDEX = OFF, STATISTICS_NORECOMPUTE = OFF, IGNORE_DUP_KEY = OFF, ALLOW_ROW_LOCKS = ON, ALLOW_PAGE_LOCKS = ON, OPTIMIZE_FOR_SEQUENTIAL_KEY = OFF) ON [PRIMARY]
) ON [PRIMARY]
GO
/****** Object:  Table [dbo].[USERLOGIN]    Script Date: 17/07/2023 9:09:22 PM ******/
SET ANSI_NULLS ON
GO
SET QUOTED_IDENTIFIER ON
GO
/*Hoàn thành database lưu trữ tài khoản */
CREATE TABLE [dbo].[USERLOGIN](
	[ID] [int] IDENTITY(1,1) NOT NULL,
	[USERNAME] [varchar](50) NOT NULL,
	[PASSWORD] [varchar](255) NOT NULL,
	[VAITRO] [varchar](50) NOT NULL,
	[MASV] [varchar](10) NULL,
 CONSTRAINT [PK_USER] PRIMARY KEY CLUSTERED 
(
	[ID] ASC
)WITH (PAD_INDEX = OFF, STATISTICS_NORECOMPUTE = OFF, IGNORE_DUP_KEY = OFF, ALLOW_ROW_LOCKS = ON, ALLOW_PAGE_LOCKS = ON, OPTIMIZE_FOR_SEQUENTIAL_KEY = OFF) ON [PRIMARY]
) ON [PRIMARY]
GO
INSERT [dbo].[BOMON] ([MABM], [TENBM], [MAKHOA]) VALUES (N'10100', N'Bo Mon Toan', N'10001')
INSERT [dbo].[BOMON] ([MABM], [TENBM], [MAKHOA]) VALUES (N'10101', N'Bo Mon Vat Ly', N'10002')
INSERT [dbo].[BOMON] ([MABM], [TENBM], [MAKHOA]) VALUES (N'10102', N'Bo Mon Anh Ngu', N'10002')
GO
INSERT [dbo].[DKHP] ([MASV], [MALHP], [DIEMTKY], [DIEMGK], [DIEMCK], [DIEMTBHE10], [DIEMTBHE4], [HOCPHI], [TTRANGHP], [GHICHU]) VALUES (N'20001', N'11111', 0, 0, 0, 0, 0, 3000000, N'chua thu', NULL)
INSERT [dbo].[DKHP] ([MASV], [MALHP], [DIEMTKY], [DIEMGK], [DIEMCK], [DIEMTBHE10], [DIEMTBHE4], [HOCPHI], [TTRANGHP], [GHICHU]) VALUES (N'20001', N'1111114', 0, 0, 0, 0, 0, 2000000, N'chua thu', NULL)
INSERT [dbo].[DKHP] ([MASV], [MALHP], [DIEMTKY], [DIEMGK], [DIEMCK], [DIEMTBHE10], [DIEMTBHE4], [HOCPHI], [TTRANGHP], [GHICHU]) VALUES (N'20001', N'12221', 0, 0, 0, 0, 0, 3000000, N'chua thu', NULL)
INSERT [dbo].[DKHP] ([MASV], [MALHP], [DIEMTKY], [DIEMGK], [DIEMCK], [DIEMTBHE10], [DIEMTBHE4], [HOCPHI], [TTRANGHP], [GHICHU]) VALUES (N'20001', N'1235', 0, 0, 0, 0, 0, 3000000, N'chua thu', NULL)
INSERT [dbo].[DKHP] ([MASV], [MALHP], [DIEMTKY], [DIEMGK], [DIEMCK], [DIEMTBHE10], [DIEMTBHE4], [HOCPHI], [TTRANGHP], [GHICHU]) VALUES (N'20001', N'22', 0, 0, 0, 0, 0, 3000000, N'chua thu', NULL)
INSERT [dbo].[DKHP] ([MASV], [MALHP], [DIEMTKY], [DIEMGK], [DIEMCK], [DIEMTBHE10], [DIEMTBHE4], [HOCPHI], [TTRANGHP], [GHICHU]) VALUES (N'20001', N'2222', 0, 0, 0, 0, 0, 3000000, N'chua thu', NULL)
INSERT [dbo].[DKHP] ([MASV], [MALHP], [DIEMTKY], [DIEMGK], [DIEMCK], [DIEMTBHE10], [DIEMTBHE4], [HOCPHI], [TTRANGHP], [GHICHU]) VALUES (N'20001', N'300001', 40, 50, 40, 5, 2, 2100000, N'da thu', NULL)
INSERT [dbo].[DKHP] ([MASV], [MALHP], [DIEMTKY], [DIEMGK], [DIEMCK], [DIEMTBHE10], [DIEMTBHE4], [HOCPHI], [TTRANGHP], [GHICHU]) VALUES (N'20001', N'300002', 50, 60, 50, 6, 3, 2500000, N'da thu', NULL)
INSERT [dbo].[DKHP] ([MASV], [MALHP], [DIEMTKY], [DIEMGK], [DIEMCK], [DIEMTBHE10], [DIEMTBHE4], [HOCPHI], [TTRANGHP], [GHICHU]) VALUES (N'20001', N'300005', 70, 80, 70, 9, 4, 2100000, N'da thu', NULL)
INSERT [dbo].[DKHP] ([MASV], [MALHP], [DIEMTKY], [DIEMGK], [DIEMCK], [DIEMTBHE10], [DIEMTBHE4], [HOCPHI], [TTRANGHP], [GHICHU]) VALUES (N'20001', N'300006', 60, 70, 80, 9, 4, 2500000, N'da thu', NULL)
INSERT [dbo].[DKHP] ([MASV], [MALHP], [DIEMTKY], [DIEMGK], [DIEMCK], [DIEMTBHE10], [DIEMTBHE4], [HOCPHI], [TTRANGHP], [GHICHU]) VALUES (N'20002', N'11111', 0, 0, 0, 0, 0, 3000000, N'chua thu', NULL)
INSERT [dbo].[DKHP] ([MASV], [MALHP], [DIEMTKY], [DIEMGK], [DIEMCK], [DIEMTBHE10], [DIEMTBHE4], [HOCPHI], [TTRANGHP], [GHICHU]) VALUES (N'20002', N'12221', 0, 0, 0, 0, 0, 3000000, N'chua thu', NULL)
INSERT [dbo].[DKHP] ([MASV], [MALHP], [DIEMTKY], [DIEMGK], [DIEMCK], [DIEMTBHE10], [DIEMTBHE4], [HOCPHI], [TTRANGHP], [GHICHU]) VALUES (N'20002', N'1235', 0, 0, 0, 0, 0, 3000000, N'chua thu', NULL)
INSERT [dbo].[DKHP] ([MASV], [MALHP], [DIEMTKY], [DIEMGK], [DIEMCK], [DIEMTBHE10], [DIEMTBHE4], [HOCPHI], [TTRANGHP], [GHICHU]) VALUES (N'20002', N'22', 0, 0, 0, 0, 0, 3000000, N'chua thu', NULL)
INSERT [dbo].[DKHP] ([MASV], [MALHP], [DIEMTKY], [DIEMGK], [DIEMCK], [DIEMTBHE10], [DIEMTBHE4], [HOCPHI], [TTRANGHP], [GHICHU]) VALUES (N'20002', N'2222', 0, 0, 0, 0, 0, 3000000, N'chua thu', NULL)
INSERT [dbo].[DKHP] ([MASV], [MALHP], [DIEMTKY], [DIEMGK], [DIEMCK], [DIEMTBHE10], [DIEMTBHE4], [HOCPHI], [TTRANGHP], [GHICHU]) VALUES (N'20002', N'300001', 100, 100, 100, 10, 4, 0, N'da thu', NULL)
INSERT [dbo].[DKHP] ([MASV], [MALHP], [DIEMTKY], [DIEMGK], [DIEMCK], [DIEMTBHE10], [DIEMTBHE4], [HOCPHI], [TTRANGHP], [GHICHU]) VALUES (N'20002', N'300005', 65, 65, 45, 7, 3, 0, N'da thu', NULL)
INSERT [dbo].[DKHP] ([MASV], [MALHP], [DIEMTKY], [DIEMGK], [DIEMCK], [DIEMTBHE10], [DIEMTBHE4], [HOCPHI], [TTRANGHP], [GHICHU]) VALUES (N'20002', N'300006', 70, 65, 80, 7, 3, 0, N'da thu', NULL)
INSERT [dbo].[DKHP] ([MASV], [MALHP], [DIEMTKY], [DIEMGK], [DIEMCK], [DIEMTBHE10], [DIEMTBHE4], [HOCPHI], [TTRANGHP], [GHICHU]) VALUES (N'20002', N'300007', 70, 60, 75, 8, 3, 0, N'da thu', NULL)
INSERT [dbo].[DKHP] ([MASV], [MALHP], [DIEMTKY], [DIEMGK], [DIEMCK], [DIEMTBHE10], [DIEMTBHE4], [HOCPHI], [TTRANGHP], [GHICHU]) VALUES (N'20003', N'300001', 70, 80, 70, 9, 3, 4200000, N'da thu', NULL)
INSERT [dbo].[DKHP] ([MASV], [MALHP], [DIEMTKY], [DIEMGK], [DIEMCK], [DIEMTBHE10], [DIEMTBHE4], [HOCPHI], [TTRANGHP], [GHICHU]) VALUES (N'20003', N'300005', 50, 80, 60, 7, 4, 4200000, N'da thu', NULL)
INSERT [dbo].[DKHP] ([MASV], [MALHP], [DIEMTKY], [DIEMGK], [DIEMCK], [DIEMTBHE10], [DIEMTBHE4], [HOCPHI], [TTRANGHP], [GHICHU]) VALUES (N'20003', N'300006', 45, 50, 54, 5, 3, 5000000, N'da thu', NULL)
INSERT [dbo].[DKHP] ([MASV], [MALHP], [DIEMTKY], [DIEMGK], [DIEMCK], [DIEMTBHE10], [DIEMTBHE4], [HOCPHI], [TTRANGHP], [GHICHU]) VALUES (N'20003', N'300009', 60, 40, 60, 7, 2, 4200000, N'da thu', NULL)
INSERT [dbo].[DKHP] ([MASV], [MALHP], [DIEMTKY], [DIEMGK], [DIEMCK], [DIEMTBHE10], [DIEMTBHE4], [HOCPHI], [TTRANGHP], [GHICHU]) VALUES (N'20004', N'300002', 70, 80, 70, 9, 4, 5000000, N'da thu', NULL)
INSERT [dbo].[DKHP] ([MASV], [MALHP], [DIEMTKY], [DIEMGK], [DIEMCK], [DIEMTBHE10], [DIEMTBHE4], [HOCPHI], [TTRANGHP], [GHICHU]) VALUES (N'20004', N'300004', 45, 50, 54, 5, 2, 4200000, N'da thu', NULL)
INSERT [dbo].[DKHP] ([MASV], [MALHP], [DIEMTKY], [DIEMGK], [DIEMCK], [DIEMTBHE10], [DIEMTBHE4], [HOCPHI], [TTRANGHP], [GHICHU]) VALUES (N'20004', N'300005', 45, 70, 64, 6, 3, 4200000, N'da thu', NULL)
INSERT [dbo].[DKHP] ([MASV], [MALHP], [DIEMTKY], [DIEMGK], [DIEMCK], [DIEMTBHE10], [DIEMTBHE4], [HOCPHI], [TTRANGHP], [GHICHU]) VALUES (N'20004', N'300006', 50, 40, 55, 7, 3, 5000000, N'da thu', NULL)
INSERT [dbo].[DKHP] ([MASV], [MALHP], [DIEMTKY], [DIEMGK], [DIEMCK], [DIEMTBHE10], [DIEMTBHE4], [HOCPHI], [TTRANGHP], [GHICHU]) VALUES (N'20005', N'300008', 70, 80, 70, 9, 4, 2500000, N'da thu', NULL)
INSERT [dbo].[DKHP] ([MASV], [MALHP], [DIEMTKY], [DIEMGK], [DIEMCK], [DIEMTBHE10], [DIEMTBHE4], [HOCPHI], [TTRANGHP], [GHICHU]) VALUES (N'20005', N'300009', 70, 80, 70, 9, 4, 2100000, N'da thu', NULL)
INSERT [dbo].[DKHP] ([MASV], [MALHP], [DIEMTKY], [DIEMGK], [DIEMCK], [DIEMTBHE10], [DIEMTBHE4], [HOCPHI], [TTRANGHP], [GHICHU]) VALUES (N'20005', N'300011', 65, 88, 60, 9, 4, 2100000, N'da thu', NULL)
INSERT [dbo].[DKHP] ([MASV], [MALHP], [DIEMTKY], [DIEMGK], [DIEMCK], [DIEMTBHE10], [DIEMTBHE4], [HOCPHI], [TTRANGHP], [GHICHU]) VALUES (N'20005', N'300013', 70, 90, 70, 8, 3, 2100000, N'da thu', NULL)
INSERT [dbo].[DKHP] ([MASV], [MALHP], [DIEMTKY], [DIEMGK], [DIEMCK], [DIEMTBHE10], [DIEMTBHE4], [HOCPHI], [TTRANGHP], [GHICHU]) VALUES (N'20006', N'300001', 100, 90, 100, 10, 4, 4200000, N'da thu', NULL)
INSERT [dbo].[DKHP] ([MASV], [MALHP], [DIEMTKY], [DIEMGK], [DIEMCK], [DIEMTBHE10], [DIEMTBHE4], [HOCPHI], [TTRANGHP], [GHICHU]) VALUES (N'20006', N'300006', 85, 95, 100, 9, 4, 5000000, N'da thu', NULL)
INSERT [dbo].[DKHP] ([MASV], [MALHP], [DIEMTKY], [DIEMGK], [DIEMCK], [DIEMTBHE10], [DIEMTBHE4], [HOCPHI], [TTRANGHP], [GHICHU]) VALUES (N'20006', N'300009', 85, 85, 90, 10, 4, 4200000, N'da thu', NULL)
INSERT [dbo].[DKHP] ([MASV], [MALHP], [DIEMTKY], [DIEMGK], [DIEMCK], [DIEMTBHE10], [DIEMTBHE4], [HOCPHI], [TTRANGHP], [GHICHU]) VALUES (N'20006', N'300011', 75, 80, 90, 9, 4, 4200000, N'da thu', NULL)
INSERT [dbo].[DKHP] ([MASV], [MALHP], [DIEMTKY], [DIEMGK], [DIEMCK], [DIEMTBHE10], [DIEMTBHE4], [HOCPHI], [TTRANGHP], [GHICHU]) VALUES (N'20007', N'300001', 79, 89, 90, 9, 4, 4200000, N'da thu', NULL)
INSERT [dbo].[DKHP] ([MASV], [MALHP], [DIEMTKY], [DIEMGK], [DIEMCK], [DIEMTBHE10], [DIEMTBHE4], [HOCPHI], [TTRANGHP], [GHICHU]) VALUES (N'20007', N'300002', 65, 88, 60, 9, 4, 5000000, N'da thu', NULL)
INSERT [dbo].[DKHP] ([MASV], [MALHP], [DIEMTKY], [DIEMGK], [DIEMCK], [DIEMTBHE10], [DIEMTBHE4], [HOCPHI], [TTRANGHP], [GHICHU]) VALUES (N'20007', N'300005', 70, 80, 70, 9, 4, 4200000, N'da thu', NULL)
INSERT [dbo].[DKHP] ([MASV], [MALHP], [DIEMTKY], [DIEMGK], [DIEMCK], [DIEMTBHE10], [DIEMTBHE4], [HOCPHI], [TTRANGHP], [GHICHU]) VALUES (N'20007', N'300006', 60, 70, 75, 9, 4, 5000000, N'da thu', NULL)
INSERT [dbo].[DKHP] ([MASV], [MALHP], [DIEMTKY], [DIEMGK], [DIEMCK], [DIEMTBHE10], [DIEMTBHE4], [HOCPHI], [TTRANGHP], [GHICHU]) VALUES (N'20008', N'300002', 85, 95, 100, 9, 4, 5000000, N'da thu', NULL)
INSERT [dbo].[DKHP] ([MASV], [MALHP], [DIEMTKY], [DIEMGK], [DIEMCK], [DIEMTBHE10], [DIEMTBHE4], [HOCPHI], [TTRANGHP], [GHICHU]) VALUES (N'20008', N'300005', 85, 95, 100, 9, 4, 4200000, N'da thu', NULL)
INSERT [dbo].[DKHP] ([MASV], [MALHP], [DIEMTKY], [DIEMGK], [DIEMCK], [DIEMTBHE10], [DIEMTBHE4], [HOCPHI], [TTRANGHP], [GHICHU]) VALUES (N'20008', N'300006', 85, 95, 100, 9, 4, 5000000, N'da thu', NULL)
INSERT [dbo].[DKHP] ([MASV], [MALHP], [DIEMTKY], [DIEMGK], [DIEMCK], [DIEMTBHE10], [DIEMTBHE4], [HOCPHI], [TTRANGHP], [GHICHU]) VALUES (N'20008', N'300009', 100, 100, 100, 10, 4, 4200000, N'da thu', NULL)
INSERT [dbo].[DKHP] ([MASV], [MALHP], [DIEMTKY], [DIEMGK], [DIEMCK], [DIEMTBHE10], [DIEMTBHE4], [HOCPHI], [TTRANGHP], [GHICHU]) VALUES (N'20009', N'300002', 45, 50, 54, 5, 2, 5000000, N'da thu', NULL)
INSERT [dbo].[DKHP] ([MASV], [MALHP], [DIEMTKY], [DIEMGK], [DIEMCK], [DIEMTBHE10], [DIEMTBHE4], [HOCPHI], [TTRANGHP], [GHICHU]) VALUES (N'20009', N'300005', 70, 80, 70, 9, 4, 4200000, N'da thu', NULL)
INSERT [dbo].[DKHP] ([MASV], [MALHP], [DIEMTKY], [DIEMGK], [DIEMCK], [DIEMTBHE10], [DIEMTBHE4], [HOCPHI], [TTRANGHP], [GHICHU]) VALUES (N'20009', N'300006', 50, 60, 50, 6, 3, 5000000, N'da thu', NULL)
INSERT [dbo].[DKHP] ([MASV], [MALHP], [DIEMTKY], [DIEMGK], [DIEMCK], [DIEMTBHE10], [DIEMTBHE4], [HOCPHI], [TTRANGHP], [GHICHU]) VALUES (N'20009', N'300009', 65, 88, 60, 9, 4, 4200000, N'da thu', NULL)
INSERT [dbo].[DKHP] ([MASV], [MALHP], [DIEMTKY], [DIEMGK], [DIEMCK], [DIEMTBHE10], [DIEMTBHE4], [HOCPHI], [TTRANGHP], [GHICHU]) VALUES (N'20010', N'300002', 65, 88, 60, 9, 4, 2500000, N'da thu', NULL)
INSERT [dbo].[DKHP] ([MASV], [MALHP], [DIEMTKY], [DIEMGK], [DIEMCK], [DIEMTBHE10], [DIEMTBHE4], [HOCPHI], [TTRANGHP], [GHICHU]) VALUES (N'20010', N'300005', 70, 80, 70, 9, 4, 2100000, N'da thu', NULL)
INSERT [dbo].[DKHP] ([MASV], [MALHP], [DIEMTKY], [DIEMGK], [DIEMCK], [DIEMTBHE10], [DIEMTBHE4], [HOCPHI], [TTRANGHP], [GHICHU]) VALUES (N'20010', N'300011', 70, 65, 40, 7, 3, 2100000, N'da thu', NULL)
INSERT [dbo].[DKHP] ([MASV], [MALHP], [DIEMTKY], [DIEMGK], [DIEMCK], [DIEMTBHE10], [DIEMTBHE4], [HOCPHI], [TTRANGHP], [GHICHU]) VALUES (N'20010', N'300013', 60, 40, 60, 7, 2, 2100000, N'da thu', NULL)
INSERT [dbo].[DKHP] ([MASV], [MALHP], [DIEMTKY], [DIEMGK], [DIEMCK], [DIEMTBHE10], [DIEMTBHE4], [HOCPHI], [TTRANGHP], [GHICHU]) VALUES (N'20011', N'300007', 70, 80, 70, 9, 4, 2500000, N'da thu', NULL)
INSERT [dbo].[DKHP] ([MASV], [MALHP], [DIEMTKY], [DIEMGK], [DIEMCK], [DIEMTBHE10], [DIEMTBHE4], [HOCPHI], [TTRANGHP], [GHICHU]) VALUES (N'20011', N'300008', 70, 65, 40, 7, 3, 2500000, N'da thu', NULL)
INSERT [dbo].[DKHP] ([MASV], [MALHP], [DIEMTKY], [DIEMGK], [DIEMCK], [DIEMTBHE10], [DIEMTBHE4], [HOCPHI], [TTRANGHP], [GHICHU]) VALUES (N'20011', N'300009', 65, 88, 60, 9, 4, 2100000, N'da thu', NULL)
INSERT [dbo].[DKHP] ([MASV], [MALHP], [DIEMTKY], [DIEMGK], [DIEMCK], [DIEMTBHE10], [DIEMTBHE4], [HOCPHI], [TTRANGHP], [GHICHU]) VALUES (N'20011', N'300011', 50, 60, 50, 6, 3, 2100000, N'da thu', NULL)
INSERT [dbo].[DKHP] ([MASV], [MALHP], [DIEMTKY], [DIEMGK], [DIEMCK], [DIEMTBHE10], [DIEMTBHE4], [HOCPHI], [TTRANGHP], [GHICHU]) VALUES (N'20012', N'300002', 50, 60, 50, 6, 3, 5000000, N'da thu', NULL)
INSERT [dbo].[DKHP] ([MASV], [MALHP], [DIEMTKY], [DIEMGK], [DIEMCK], [DIEMTBHE10], [DIEMTBHE4], [HOCPHI], [TTRANGHP], [GHICHU]) VALUES (N'20012', N'300005', 65, 88, 60, 9, 4, 4200000, N'da thu', NULL)
INSERT [dbo].[DKHP] ([MASV], [MALHP], [DIEMTKY], [DIEMGK], [DIEMCK], [DIEMTBHE10], [DIEMTBHE4], [HOCPHI], [TTRANGHP], [GHICHU]) VALUES (N'20012', N'300007', 70, 80, 70, 9, 4, 5000000, N'da thu', NULL)
INSERT [dbo].[DKHP] ([MASV], [MALHP], [DIEMTKY], [DIEMGK], [DIEMCK], [DIEMTBHE10], [DIEMTBHE4], [HOCPHI], [TTRANGHP], [GHICHU]) VALUES (N'20012', N'300008', 50, 60, 50, 6, 3, 5000000, N'da thu', NULL)
INSERT [dbo].[DKHP] ([MASV], [MALHP], [DIEMTKY], [DIEMGK], [DIEMCK], [DIEMTBHE10], [DIEMTBHE4], [HOCPHI], [TTRANGHP], [GHICHU]) VALUES (N'20013', N'300001', 65, 88, 60, 9, 4, 4200000, N'da thu', NULL)
INSERT [dbo].[DKHP] ([MASV], [MALHP], [DIEMTKY], [DIEMGK], [DIEMCK], [DIEMTBHE10], [DIEMTBHE4], [HOCPHI], [TTRANGHP], [GHICHU]) VALUES (N'20013', N'300002', 70, 65, 40, 7, 3, 5000000, N'da thu', NULL)
INSERT [dbo].[DKHP] ([MASV], [MALHP], [DIEMTKY], [DIEMGK], [DIEMCK], [DIEMTBHE10], [DIEMTBHE4], [HOCPHI], [TTRANGHP], [GHICHU]) VALUES (N'20013', N'300011', 50, 60, 50, 6, 3, 4200000, N'da thu', NULL)
INSERT [dbo].[DKHP] ([MASV], [MALHP], [DIEMTKY], [DIEMGK], [DIEMCK], [DIEMTBHE10], [DIEMTBHE4], [HOCPHI], [TTRANGHP], [GHICHU]) VALUES (N'20013', N'300013', 70, 80, 70, 9, 4, 4200000, N'da thu', NULL)
INSERT [dbo].[DKHP] ([MASV], [MALHP], [DIEMTKY], [DIEMGK], [DIEMCK], [DIEMTBHE10], [DIEMTBHE4], [HOCPHI], [TTRANGHP], [GHICHU]) VALUES (N'20014', N'300004', 70, 65, 40, 7, 3, 4200000, N'da thu', NULL)
INSERT [dbo].[DKHP] ([MASV], [MALHP], [DIEMTKY], [DIEMGK], [DIEMCK], [DIEMTBHE10], [DIEMTBHE4], [HOCPHI], [TTRANGHP], [GHICHU]) VALUES (N'20014', N'300006', 65, 88, 60, 9, 4, 5000000, N'da thu', NULL)
INSERT [dbo].[DKHP] ([MASV], [MALHP], [DIEMTKY], [DIEMGK], [DIEMCK], [DIEMTBHE10], [DIEMTBHE4], [HOCPHI], [TTRANGHP], [GHICHU]) VALUES (N'20014', N'300007', 70, 80, 70, 9, 4, 5000000, N'da thu', NULL)
INSERT [dbo].[DKHP] ([MASV], [MALHP], [DIEMTKY], [DIEMGK], [DIEMCK], [DIEMTBHE10], [DIEMTBHE4], [HOCPHI], [TTRANGHP], [GHICHU]) VALUES (N'20014', N'300013', 50, 60, 50, 6, 3, 4200000, N'da thu', NULL)
INSERT [dbo].[DKHP] ([MASV], [MALHP], [DIEMTKY], [DIEMGK], [DIEMCK], [DIEMTBHE10], [DIEMTBHE4], [HOCPHI], [TTRANGHP], [GHICHU]) VALUES (N'20015', N'300001', 65, 88, 60, 9, 4, 4200000, N'da thu', NULL)
INSERT [dbo].[DKHP] ([MASV], [MALHP], [DIEMTKY], [DIEMGK], [DIEMCK], [DIEMTBHE10], [DIEMTBHE4], [HOCPHI], [TTRANGHP], [GHICHU]) VALUES (N'20015', N'300002', 50, 60, 50, 6, 3, 5000000, N'da thu', NULL)
INSERT [dbo].[DKHP] ([MASV], [MALHP], [DIEMTKY], [DIEMGK], [DIEMCK], [DIEMTBHE10], [DIEMTBHE4], [HOCPHI], [TTRANGHP], [GHICHU]) VALUES (N'20015', N'300005', 70, 80, 70, 9, 4, 4200000, N'da thu', NULL)
INSERT [dbo].[DKHP] ([MASV], [MALHP], [DIEMTKY], [DIEMGK], [DIEMCK], [DIEMTBHE10], [DIEMTBHE4], [HOCPHI], [TTRANGHP], [GHICHU]) VALUES (N'20015', N'300006', 85, 85, 90, 10, 4, 5000000, N'da thu', NULL)
INSERT [dbo].[DKHP] ([MASV], [MALHP], [DIEMTKY], [DIEMGK], [DIEMCK], [DIEMTBHE10], [DIEMTBHE4], [HOCPHI], [TTRANGHP], [GHICHU]) VALUES (N'20016', N'300005', 60, 40, 60, 7, 2, 4200000, N'da thu', NULL)
INSERT [dbo].[DKHP] ([MASV], [MALHP], [DIEMTKY], [DIEMGK], [DIEMCK], [DIEMTBHE10], [DIEMTBHE4], [HOCPHI], [TTRANGHP], [GHICHU]) VALUES (N'20016', N'300006', 70, 80, 70, 9, 4, 5000000, N'da thu', NULL)
INSERT [dbo].[DKHP] ([MASV], [MALHP], [DIEMTKY], [DIEMGK], [DIEMCK], [DIEMTBHE10], [DIEMTBHE4], [HOCPHI], [TTRANGHP], [GHICHU]) VALUES (N'20016', N'300009', 65, 88, 60, 9, 4, 4200000, N'da thu', NULL)
INSERT [dbo].[DKHP] ([MASV], [MALHP], [DIEMTKY], [DIEMGK], [DIEMCK], [DIEMTBHE10], [DIEMTBHE4], [HOCPHI], [TTRANGHP], [GHICHU]) VALUES (N'20016', N'300011', 70, 65, 80, 7, 3, 4200000, N'da thu', NULL)
INSERT [dbo].[DKHP] ([MASV], [MALHP], [DIEMTKY], [DIEMGK], [DIEMCK], [DIEMTBHE10], [DIEMTBHE4], [HOCPHI], [TTRANGHP], [GHICHU]) VALUES (N'20017', N'300008', 70, 65, 80, 7, 3, 5000000, N'da thu', NULL)
INSERT [dbo].[DKHP] ([MASV], [MALHP], [DIEMTKY], [DIEMGK], [DIEMCK], [DIEMTBHE10], [DIEMTBHE4], [HOCPHI], [TTRANGHP], [GHICHU]) VALUES (N'20017', N'300010', 70, 65, 40, 7, 3, 4200000, N'da thu', NULL)
INSERT [dbo].[DKHP] ([MASV], [MALHP], [DIEMTKY], [DIEMGK], [DIEMCK], [DIEMTBHE10], [DIEMTBHE4], [HOCPHI], [TTRANGHP], [GHICHU]) VALUES (N'20017', N'300012', 65, 88, 60, 9, 4, 4200000, N'da thu', NULL)
INSERT [dbo].[DKHP] ([MASV], [MALHP], [DIEMTKY], [DIEMGK], [DIEMCK], [DIEMTBHE10], [DIEMTBHE4], [HOCPHI], [TTRANGHP], [GHICHU]) VALUES (N'20017', N'300013', 60, 40, 60, 7, 2, 4200000, N'da thu', NULL)
INSERT [dbo].[DKHP] ([MASV], [MALHP], [DIEMTKY], [DIEMGK], [DIEMCK], [DIEMTBHE10], [DIEMTBHE4], [HOCPHI], [TTRANGHP], [GHICHU]) VALUES (N'20018', N'300005', 60, 40, 60, 7, 2, 4200000, N'da thu', NULL)
INSERT [dbo].[DKHP] ([MASV], [MALHP], [DIEMTKY], [DIEMGK], [DIEMCK], [DIEMTBHE10], [DIEMTBHE4], [HOCPHI], [TTRANGHP], [GHICHU]) VALUES (N'20018', N'300009', 50, 60, 50, 6, 3, 4200000, N'da thu', NULL)
INSERT [dbo].[DKHP] ([MASV], [MALHP], [DIEMTKY], [DIEMGK], [DIEMCK], [DIEMTBHE10], [DIEMTBHE4], [HOCPHI], [TTRANGHP], [GHICHU]) VALUES (N'20018', N'300012', 70, 65, 40, 7, 3, 4200000, N'da thu', NULL)
INSERT [dbo].[DKHP] ([MASV], [MALHP], [DIEMTKY], [DIEMGK], [DIEMCK], [DIEMTBHE10], [DIEMTBHE4], [HOCPHI], [TTRANGHP], [GHICHU]) VALUES (N'20018', N'300013', 65, 88, 60, 9, 4, 4200000, N'da thu', NULL)
INSERT [dbo].[DKHP] ([MASV], [MALHP], [DIEMTKY], [DIEMGK], [DIEMCK], [DIEMTBHE10], [DIEMTBHE4], [HOCPHI], [TTRANGHP], [GHICHU]) VALUES (N'20019', N'300001', 70, 65, 40, 7, 3, 4200000, N'da thu', NULL)
INSERT [dbo].[DKHP] ([MASV], [MALHP], [DIEMTKY], [DIEMGK], [DIEMCK], [DIEMTBHE10], [DIEMTBHE4], [HOCPHI], [TTRANGHP], [GHICHU]) VALUES (N'20019', N'300002', 60, 40, 60, 7, 2, 5000000, N'da thu', NULL)
INSERT [dbo].[DKHP] ([MASV], [MALHP], [DIEMTKY], [DIEMGK], [DIEMCK], [DIEMTBHE10], [DIEMTBHE4], [HOCPHI], [TTRANGHP], [GHICHU]) VALUES (N'20019', N'300009', 65, 88, 60, 9, 4, 4200000, N'da thu', NULL)
INSERT [dbo].[DKHP] ([MASV], [MALHP], [DIEMTKY], [DIEMGK], [DIEMCK], [DIEMTBHE10], [DIEMTBHE4], [HOCPHI], [TTRANGHP], [GHICHU]) VALUES (N'20019', N'300011', 70, 65, 80, 7, 3, 4200000, N'da thu', NULL)
INSERT [dbo].[DKHP] ([MASV], [MALHP], [DIEMTKY], [DIEMGK], [DIEMCK], [DIEMTBHE10], [DIEMTBHE4], [HOCPHI], [TTRANGHP], [GHICHU]) VALUES (N'20020', N'300002', 65, 88, 60, 9, 4, 5000000, N'da thu', NULL)
INSERT [dbo].[DKHP] ([MASV], [MALHP], [DIEMTKY], [DIEMGK], [DIEMCK], [DIEMTBHE10], [DIEMTBHE4], [HOCPHI], [TTRANGHP], [GHICHU]) VALUES (N'20020', N'300005', 70, 65, 40, 7, 3, 4200000, N'da thu', NULL)
INSERT [dbo].[DKHP] ([MASV], [MALHP], [DIEMTKY], [DIEMGK], [DIEMCK], [DIEMTBHE10], [DIEMTBHE4], [HOCPHI], [TTRANGHP], [GHICHU]) VALUES (N'20020', N'300006', 70, 65, 80, 7, 3, 5000000, N'da thu', NULL)
INSERT [dbo].[DKHP] ([MASV], [MALHP], [DIEMTKY], [DIEMGK], [DIEMCK], [DIEMTBHE10], [DIEMTBHE4], [HOCPHI], [TTRANGHP], [GHICHU]) VALUES (N'20020', N'300009', 60, 40, 60, 7, 2, 4200000, N'da thu', NULL)
INSERT [dbo].[DKHP] ([MASV], [MALHP], [DIEMTKY], [DIEMGK], [DIEMCK], [DIEMTBHE10], [DIEMTBHE4], [HOCPHI], [TTRANGHP], [GHICHU]) VALUES (N'20021', N'300005', 65, 88, 60, 9, 4, 4200000, N'da thu', NULL)
INSERT [dbo].[DKHP] ([MASV], [MALHP], [DIEMTKY], [DIEMGK], [DIEMCK], [DIEMTBHE10], [DIEMTBHE4], [HOCPHI], [TTRANGHP], [GHICHU]) VALUES (N'20021', N'300007', 50, 60, 50, 6, 3, 5000000, N'da thu', NULL)
INSERT [dbo].[DKHP] ([MASV], [MALHP], [DIEMTKY], [DIEMGK], [DIEMCK], [DIEMTBHE10], [DIEMTBHE4], [HOCPHI], [TTRANGHP], [GHICHU]) VALUES (N'20021', N'300008', 70, 80, 70, 9, 4, 5000000, N'da thu', NULL)
INSERT [dbo].[DKHP] ([MASV], [MALHP], [DIEMTKY], [DIEMGK], [DIEMCK], [DIEMTBHE10], [DIEMTBHE4], [HOCPHI], [TTRANGHP], [GHICHU]) VALUES (N'20021', N'300009', 70, 65, 80, 7, 3, 4200000, N'da thu', NULL)
INSERT [dbo].[DKHP] ([MASV], [MALHP], [DIEMTKY], [DIEMGK], [DIEMCK], [DIEMTBHE10], [DIEMTBHE4], [HOCPHI], [TTRANGHP], [GHICHU]) VALUES (N'20022', N'300006', 70, 65, 40, 7, 3, 5000000, N'da thu', NULL)
INSERT [dbo].[DKHP] ([MASV], [MALHP], [DIEMTKY], [DIEMGK], [DIEMCK], [DIEMTBHE10], [DIEMTBHE4], [HOCPHI], [TTRANGHP], [GHICHU]) VALUES (N'20022', N'300007', 60, 40, 60, 7, 2, 5000000, N'da thu', NULL)
INSERT [dbo].[DKHP] ([MASV], [MALHP], [DIEMTKY], [DIEMGK], [DIEMCK], [DIEMTBHE10], [DIEMTBHE4], [HOCPHI], [TTRANGHP], [GHICHU]) VALUES (N'20022', N'300009', 70, 80, 70, 9, 4, 4200000, N'da thu', NULL)
INSERT [dbo].[DKHP] ([MASV], [MALHP], [DIEMTKY], [DIEMGK], [DIEMCK], [DIEMTBHE10], [DIEMTBHE4], [HOCPHI], [TTRANGHP], [GHICHU]) VALUES (N'20022', N'300010', 70, 65, 80, 7, 3, 4200000, N'da thu', NULL)
INSERT [dbo].[DKHP] ([MASV], [MALHP], [DIEMTKY], [DIEMGK], [DIEMCK], [DIEMTBHE10], [DIEMTBHE4], [HOCPHI], [TTRANGHP], [GHICHU]) VALUES (N'20023', N'300004', 70, 80, 70, 9, 4, 4200000, N'da thu', NULL)
GO
INSERT [dbo].[DKHP] ([MASV], [MALHP], [DIEMTKY], [DIEMGK], [DIEMCK], [DIEMTBHE10], [DIEMTBHE4], [HOCPHI], [TTRANGHP], [GHICHU]) VALUES (N'20023', N'300006', 50, 60, 50, 6, 3, 5000000, N'da thu', NULL)
INSERT [dbo].[DKHP] ([MASV], [MALHP], [DIEMTKY], [DIEMGK], [DIEMCK], [DIEMTBHE10], [DIEMTBHE4], [HOCPHI], [TTRANGHP], [GHICHU]) VALUES (N'20023', N'300007', 65, 88, 60, 9, 4, 5000000, N'da thu', NULL)
INSERT [dbo].[DKHP] ([MASV], [MALHP], [DIEMTKY], [DIEMGK], [DIEMCK], [DIEMTBHE10], [DIEMTBHE4], [HOCPHI], [TTRANGHP], [GHICHU]) VALUES (N'20023', N'300010', 70, 65, 80, 7, 3, 4200000, N'da thu', NULL)
INSERT [dbo].[DKHP] ([MASV], [MALHP], [DIEMTKY], [DIEMGK], [DIEMCK], [DIEMTBHE10], [DIEMTBHE4], [HOCPHI], [TTRANGHP], [GHICHU]) VALUES (N'20024', N'300001', 70, 65, 40, 7, 3, 4200000, N'da thu', NULL)
INSERT [dbo].[DKHP] ([MASV], [MALHP], [DIEMTKY], [DIEMGK], [DIEMCK], [DIEMTBHE10], [DIEMTBHE4], [HOCPHI], [TTRANGHP], [GHICHU]) VALUES (N'20024', N'300007', 60, 40, 60, 7, 2, 5000000, N'da thu', NULL)
INSERT [dbo].[DKHP] ([MASV], [MALHP], [DIEMTKY], [DIEMGK], [DIEMCK], [DIEMTBHE10], [DIEMTBHE4], [HOCPHI], [TTRANGHP], [GHICHU]) VALUES (N'20024', N'300008', 65, 88, 60, 9, 4, 5000000, N'da thu', NULL)
INSERT [dbo].[DKHP] ([MASV], [MALHP], [DIEMTKY], [DIEMGK], [DIEMCK], [DIEMTBHE10], [DIEMTBHE4], [HOCPHI], [TTRANGHP], [GHICHU]) VALUES (N'20024', N'300009', 70, 65, 80, 7, 3, 4200000, N'da thu', NULL)
INSERT [dbo].[DKHP] ([MASV], [MALHP], [DIEMTKY], [DIEMGK], [DIEMCK], [DIEMTBHE10], [DIEMTBHE4], [HOCPHI], [TTRANGHP], [GHICHU]) VALUES (N'20025', N'300006', 60, 40, 60, 7, 2, 5000000, N'da thu', NULL)
INSERT [dbo].[DKHP] ([MASV], [MALHP], [DIEMTKY], [DIEMGK], [DIEMCK], [DIEMTBHE10], [DIEMTBHE4], [HOCPHI], [TTRANGHP], [GHICHU]) VALUES (N'20025', N'300009', 70, 65, 40, 7, 3, 4200000, N'da thu', NULL)
INSERT [dbo].[DKHP] ([MASV], [MALHP], [DIEMTKY], [DIEMGK], [DIEMCK], [DIEMTBHE10], [DIEMTBHE4], [HOCPHI], [TTRANGHP], [GHICHU]) VALUES (N'20025', N'300011', 50, 60, 50, 6, 3, 4200000, N'da thu', NULL)
INSERT [dbo].[DKHP] ([MASV], [MALHP], [DIEMTKY], [DIEMGK], [DIEMCK], [DIEMTBHE10], [DIEMTBHE4], [HOCPHI], [TTRANGHP], [GHICHU]) VALUES (N'20025', N'300013', 85, 85, 90, 10, 4, 4200000, N'da thu', NULL)
INSERT [dbo].[DKHP] ([MASV], [MALHP], [DIEMTKY], [DIEMGK], [DIEMCK], [DIEMTBHE10], [DIEMTBHE4], [HOCPHI], [TTRANGHP], [GHICHU]) VALUES (N'20026', N'300001', 70, 65, 80, 7, 3, 4200000, N'da thu', NULL)
INSERT [dbo].[DKHP] ([MASV], [MALHP], [DIEMTKY], [DIEMGK], [DIEMCK], [DIEMTBHE10], [DIEMTBHE4], [HOCPHI], [TTRANGHP], [GHICHU]) VALUES (N'20026', N'300002', 70, 65, 40, 7, 3, 5000000, N'da thu', NULL)
INSERT [dbo].[DKHP] ([MASV], [MALHP], [DIEMTKY], [DIEMGK], [DIEMCK], [DIEMTBHE10], [DIEMTBHE4], [HOCPHI], [TTRANGHP], [GHICHU]) VALUES (N'20026', N'300005', 50, 60, 50, 6, 3, 4200000, N'da thu', NULL)
INSERT [dbo].[DKHP] ([MASV], [MALHP], [DIEMTKY], [DIEMGK], [DIEMCK], [DIEMTBHE10], [DIEMTBHE4], [HOCPHI], [TTRANGHP], [GHICHU]) VALUES (N'20026', N'300006', 85, 85, 90, 10, 4, 5000000, N'da thu', NULL)
INSERT [dbo].[DKHP] ([MASV], [MALHP], [DIEMTKY], [DIEMGK], [DIEMCK], [DIEMTBHE10], [DIEMTBHE4], [HOCPHI], [TTRANGHP], [GHICHU]) VALUES (N'20027', N'300002', 70, 65, 80, 7, 3, 5000000, N'da thu', NULL)
INSERT [dbo].[DKHP] ([MASV], [MALHP], [DIEMTKY], [DIEMGK], [DIEMCK], [DIEMTBHE10], [DIEMTBHE4], [HOCPHI], [TTRANGHP], [GHICHU]) VALUES (N'20027', N'300004', 50, 60, 50, 6, 3, 4200000, N'da thu', NULL)
INSERT [dbo].[DKHP] ([MASV], [MALHP], [DIEMTKY], [DIEMGK], [DIEMCK], [DIEMTBHE10], [DIEMTBHE4], [HOCPHI], [TTRANGHP], [GHICHU]) VALUES (N'20027', N'300005', 70, 80, 70, 9, 4, 4200000, N'da thu', NULL)
INSERT [dbo].[DKHP] ([MASV], [MALHP], [DIEMTKY], [DIEMGK], [DIEMCK], [DIEMTBHE10], [DIEMTBHE4], [HOCPHI], [TTRANGHP], [GHICHU]) VALUES (N'20027', N'300006', 70, 60, 75, 8, 3, 5000000, N'da thu', NULL)
INSERT [dbo].[DKHP] ([MASV], [MALHP], [DIEMTKY], [DIEMGK], [DIEMCK], [DIEMTBHE10], [DIEMTBHE4], [HOCPHI], [TTRANGHP], [GHICHU]) VALUES (N'20028', N'300002', 60, 40, 60, 7, 2, 5000000, N'da thu', NULL)
INSERT [dbo].[DKHP] ([MASV], [MALHP], [DIEMTKY], [DIEMGK], [DIEMCK], [DIEMTBHE10], [DIEMTBHE4], [HOCPHI], [TTRANGHP], [GHICHU]) VALUES (N'20028', N'300004', 70, 80, 70, 9, 4, 4200000, N'da thu', NULL)
INSERT [dbo].[DKHP] ([MASV], [MALHP], [DIEMTKY], [DIEMGK], [DIEMCK], [DIEMTBHE10], [DIEMTBHE4], [HOCPHI], [TTRANGHP], [GHICHU]) VALUES (N'20028', N'300006', 70, 65, 40, 7, 3, 5000000, N'da thu', NULL)
INSERT [dbo].[DKHP] ([MASV], [MALHP], [DIEMTKY], [DIEMGK], [DIEMCK], [DIEMTBHE10], [DIEMTBHE4], [HOCPHI], [TTRANGHP], [GHICHU]) VALUES (N'20028', N'300010', 70, 60, 75, 8, 3, 4200000, N'da thu', NULL)
INSERT [dbo].[DKHP] ([MASV], [MALHP], [DIEMTKY], [DIEMGK], [DIEMCK], [DIEMTBHE10], [DIEMTBHE4], [HOCPHI], [TTRANGHP], [GHICHU]) VALUES (N'20029', N'300001', 50, 60, 50, 6, 3, 4200000, N'da thu', NULL)
INSERT [dbo].[DKHP] ([MASV], [MALHP], [DIEMTKY], [DIEMGK], [DIEMCK], [DIEMTBHE10], [DIEMTBHE4], [HOCPHI], [TTRANGHP], [GHICHU]) VALUES (N'20029', N'300002', 60, 40, 60, 7, 2, 5000000, N'da thu', NULL)
INSERT [dbo].[DKHP] ([MASV], [MALHP], [DIEMTKY], [DIEMGK], [DIEMCK], [DIEMTBHE10], [DIEMTBHE4], [HOCPHI], [TTRANGHP], [GHICHU]) VALUES (N'20029', N'300005', 70, 80, 70, 9, 4, 4200000, N'da thu', NULL)
INSERT [dbo].[DKHP] ([MASV], [MALHP], [DIEMTKY], [DIEMGK], [DIEMCK], [DIEMTBHE10], [DIEMTBHE4], [HOCPHI], [TTRANGHP], [GHICHU]) VALUES (N'20029', N'300006', 70, 60, 75, 8, 3, 5000000, N'da thu', NULL)
INSERT [dbo].[DKHP] ([MASV], [MALHP], [DIEMTKY], [DIEMGK], [DIEMCK], [DIEMTBHE10], [DIEMTBHE4], [HOCPHI], [TTRANGHP], [GHICHU]) VALUES (N'20030', N'300006', 70, 65, 80, 7, 3, 5000000, N'da thu', NULL)
INSERT [dbo].[DKHP] ([MASV], [MALHP], [DIEMTKY], [DIEMGK], [DIEMCK], [DIEMTBHE10], [DIEMTBHE4], [HOCPHI], [TTRANGHP], [GHICHU]) VALUES (N'20030', N'300007', 70, 65, 40, 7, 3, 5000000, N'da thu', NULL)
INSERT [dbo].[DKHP] ([MASV], [MALHP], [DIEMTKY], [DIEMGK], [DIEMCK], [DIEMTBHE10], [DIEMTBHE4], [HOCPHI], [TTRANGHP], [GHICHU]) VALUES (N'20030', N'300008', 60, 40, 60, 7, 2, 5000000, N'da thu', NULL)
INSERT [dbo].[DKHP] ([MASV], [MALHP], [DIEMTKY], [DIEMGK], [DIEMCK], [DIEMTBHE10], [DIEMTBHE4], [HOCPHI], [TTRANGHP], [GHICHU]) VALUES (N'20030', N'300009', 70, 80, 70, 9, 4, 4200000, N'da thu', NULL)
INSERT [dbo].[DKHP] ([MASV], [MALHP], [DIEMTKY], [DIEMGK], [DIEMCK], [DIEMTBHE10], [DIEMTBHE4], [HOCPHI], [TTRANGHP], [GHICHU]) VALUES (N'20031', N'300001', 80, 54, 46, 6, 3, 4200000, N'da thu', NULL)
INSERT [dbo].[DKHP] ([MASV], [MALHP], [DIEMTKY], [DIEMGK], [DIEMCK], [DIEMTBHE10], [DIEMTBHE4], [HOCPHI], [TTRANGHP], [GHICHU]) VALUES (N'20031', N'300002', 80, 80, 80, 8, 3, 5000000, N'da thu', NULL)
INSERT [dbo].[DKHP] ([MASV], [MALHP], [DIEMTKY], [DIEMGK], [DIEMCK], [DIEMTBHE10], [DIEMTBHE4], [HOCPHI], [TTRANGHP], [GHICHU]) VALUES (N'20031', N'300005', 70, 55, 80, 6, 3, 4200000, N'da thu', NULL)
INSERT [dbo].[DKHP] ([MASV], [MALHP], [DIEMTKY], [DIEMGK], [DIEMCK], [DIEMTBHE10], [DIEMTBHE4], [HOCPHI], [TTRANGHP], [GHICHU]) VALUES (N'20031', N'300008', 80, 70, 45, 5, 2, 5000000, N'da thu', NULL)
INSERT [dbo].[DKHP] ([MASV], [MALHP], [DIEMTKY], [DIEMGK], [DIEMCK], [DIEMTBHE10], [DIEMTBHE4], [HOCPHI], [TTRANGHP], [GHICHU]) VALUES (N'20031', N'300011', 80, 55, 90, 7, 3, 4200000, N'da thu', NULL)
INSERT [dbo].[DKHP] ([MASV], [MALHP], [DIEMTKY], [DIEMGK], [DIEMCK], [DIEMTBHE10], [DIEMTBHE4], [HOCPHI], [TTRANGHP], [GHICHU]) VALUES (N'20032', N'300001', 90, 90, 90, 9, 4, 4200000, N'chua thu', NULL)
INSERT [dbo].[DKHP] ([MASV], [MALHP], [DIEMTKY], [DIEMGK], [DIEMCK], [DIEMTBHE10], [DIEMTBHE4], [HOCPHI], [TTRANGHP], [GHICHU]) VALUES (N'20032', N'300002', 80, 90, 100, 9, 4, 5000000, N'chua thu', NULL)
INSERT [dbo].[DKHP] ([MASV], [MALHP], [DIEMTKY], [DIEMGK], [DIEMCK], [DIEMTBHE10], [DIEMTBHE4], [HOCPHI], [TTRANGHP], [GHICHU]) VALUES (N'20032', N'300005', 90, 80, 85, 8, 3, 4200000, N'chua thu', NULL)
INSERT [dbo].[DKHP] ([MASV], [MALHP], [DIEMTKY], [DIEMGK], [DIEMCK], [DIEMTBHE10], [DIEMTBHE4], [HOCPHI], [TTRANGHP], [GHICHU]) VALUES (N'20032', N'300008', 80, 80, 90, 8, 3, 5000000, N'chua thu', NULL)
INSERT [dbo].[DKHP] ([MASV], [MALHP], [DIEMTKY], [DIEMGK], [DIEMCK], [DIEMTBHE10], [DIEMTBHE4], [HOCPHI], [TTRANGHP], [GHICHU]) VALUES (N'20032', N'300011', 90, 95, 80, 8, 3, 4200000, N'chua thu', NULL)
INSERT [dbo].[DKHP] ([MASV], [MALHP], [DIEMTKY], [DIEMGK], [DIEMCK], [DIEMTBHE10], [DIEMTBHE4], [HOCPHI], [TTRANGHP], [GHICHU]) VALUES (N'20033', N'300002', 70, 50, 60, 6, 3, 3500000, N'da thu', NULL)
INSERT [dbo].[DKHP] ([MASV], [MALHP], [DIEMTKY], [DIEMGK], [DIEMCK], [DIEMTBHE10], [DIEMTBHE4], [HOCPHI], [TTRANGHP], [GHICHU]) VALUES (N'20033', N'300005', 70, 60, 60, 6, 3, 2940000, N'da thu', NULL)
INSERT [dbo].[DKHP] ([MASV], [MALHP], [DIEMTKY], [DIEMGK], [DIEMCK], [DIEMTBHE10], [DIEMTBHE4], [HOCPHI], [TTRANGHP], [GHICHU]) VALUES (N'20033', N'300007', 80, 70, 60, 7, 3, 3500000, N'da thu', NULL)
INSERT [dbo].[DKHP] ([MASV], [MALHP], [DIEMTKY], [DIEMGK], [DIEMCK], [DIEMTBHE10], [DIEMTBHE4], [HOCPHI], [TTRANGHP], [GHICHU]) VALUES (N'20033', N'300009', 90, 80, 55, 7, 3, 2940000, N'da thu', NULL)
INSERT [dbo].[DKHP] ([MASV], [MALHP], [DIEMTKY], [DIEMGK], [DIEMCK], [DIEMTBHE10], [DIEMTBHE4], [HOCPHI], [TTRANGHP], [GHICHU]) VALUES (N'20033', N'300013', 70, 55, 75, 6, 3, 2940000, N'da thu', NULL)
INSERT [dbo].[DKHP] ([MASV], [MALHP], [DIEMTKY], [DIEMGK], [DIEMCK], [DIEMTBHE10], [DIEMTBHE4], [HOCPHI], [TTRANGHP], [GHICHU]) VALUES (N'20034', N'300001', 60, 70, 40, 5, 2, 2940000, N'chua thu', NULL)
INSERT [dbo].[DKHP] ([MASV], [MALHP], [DIEMTKY], [DIEMGK], [DIEMCK], [DIEMTBHE10], [DIEMTBHE4], [HOCPHI], [TTRANGHP], [GHICHU]) VALUES (N'20034', N'300002', 70, 70, 40, 6, 3, 3500000, N'chua thu', NULL)
INSERT [dbo].[DKHP] ([MASV], [MALHP], [DIEMTKY], [DIEMGK], [DIEMCK], [DIEMTBHE10], [DIEMTBHE4], [HOCPHI], [TTRANGHP], [GHICHU]) VALUES (N'20034', N'300005', 60, 70, 85, 7, 3, 2940000, N'chua thu', NULL)
INSERT [dbo].[DKHP] ([MASV], [MALHP], [DIEMTKY], [DIEMGK], [DIEMCK], [DIEMTBHE10], [DIEMTBHE4], [HOCPHI], [TTRANGHP], [GHICHU]) VALUES (N'20034', N'300008', 50, 50, 65, 5, 2, 3500000, N'chua thu', NULL)
INSERT [dbo].[DKHP] ([MASV], [MALHP], [DIEMTKY], [DIEMGK], [DIEMCK], [DIEMTBHE10], [DIEMTBHE4], [HOCPHI], [TTRANGHP], [GHICHU]) VALUES (N'20035', N'300001', 85, 85, 60, 7, 3, 4200000, N'da thu', NULL)
INSERT [dbo].[DKHP] ([MASV], [MALHP], [DIEMTKY], [DIEMGK], [DIEMCK], [DIEMTBHE10], [DIEMTBHE4], [HOCPHI], [TTRANGHP], [GHICHU]) VALUES (N'20035', N'300005', 85, 90, 60, 7, 3, 4200000, N'da thu', NULL)
INSERT [dbo].[DKHP] ([MASV], [MALHP], [DIEMTKY], [DIEMGK], [DIEMCK], [DIEMTBHE10], [DIEMTBHE4], [HOCPHI], [TTRANGHP], [GHICHU]) VALUES (N'20035', N'300006', 90, 90, 85, 8, 3, 5000000, N'da thu', NULL)
INSERT [dbo].[DKHP] ([MASV], [MALHP], [DIEMTKY], [DIEMGK], [DIEMCK], [DIEMTBHE10], [DIEMTBHE4], [HOCPHI], [TTRANGHP], [GHICHU]) VALUES (N'20035', N'300008', 85, 85, 70, 8, 3, 5000000, N'da thu', NULL)
INSERT [dbo].[DKHP] ([MASV], [MALHP], [DIEMTKY], [DIEMGK], [DIEMCK], [DIEMTBHE10], [DIEMTBHE4], [HOCPHI], [TTRANGHP], [GHICHU]) VALUES (N'20035', N'300009', 70, 75, 65, 7, 3, 4200000, N'da thu', NULL)
INSERT [dbo].[DKHP] ([MASV], [MALHP], [DIEMTKY], [DIEMGK], [DIEMCK], [DIEMTBHE10], [DIEMTBHE4], [HOCPHI], [TTRANGHP], [GHICHU]) VALUES (N'20036', N'300002', 75, 65, 50, 6, 3, 5000000, N'chua thu', NULL)
INSERT [dbo].[DKHP] ([MASV], [MALHP], [DIEMTKY], [DIEMGK], [DIEMCK], [DIEMTBHE10], [DIEMTBHE4], [HOCPHI], [TTRANGHP], [GHICHU]) VALUES (N'20036', N'300004', 80, 65, 80, 7, 3, 4200000, N'chua thu', NULL)
INSERT [dbo].[DKHP] ([MASV], [MALHP], [DIEMTKY], [DIEMGK], [DIEMCK], [DIEMTBHE10], [DIEMTBHE4], [HOCPHI], [TTRANGHP], [GHICHU]) VALUES (N'20036', N'300006', 80, 50, 90, 7, 3, 5000000, N'chua thu', NULL)
INSERT [dbo].[DKHP] ([MASV], [MALHP], [DIEMTKY], [DIEMGK], [DIEMCK], [DIEMTBHE10], [DIEMTBHE4], [HOCPHI], [TTRANGHP], [GHICHU]) VALUES (N'20036', N'300007', 75, 75, 75, 7, 3, 5000000, N'chua thu', NULL)
INSERT [dbo].[DKHP] ([MASV], [MALHP], [DIEMTKY], [DIEMGK], [DIEMCK], [DIEMTBHE10], [DIEMTBHE4], [HOCPHI], [TTRANGHP], [GHICHU]) VALUES (N'20037', N'300001', 50, 50, 50, 5, 2, 4200000, N'da thu', NULL)
INSERT [dbo].[DKHP] ([MASV], [MALHP], [DIEMTKY], [DIEMGK], [DIEMCK], [DIEMTBHE10], [DIEMTBHE4], [HOCPHI], [TTRANGHP], [GHICHU]) VALUES (N'20037', N'300002', 50, 50, 50, 5, 2, 5000000, N'da thu', NULL)
INSERT [dbo].[DKHP] ([MASV], [MALHP], [DIEMTKY], [DIEMGK], [DIEMCK], [DIEMTBHE10], [DIEMTBHE4], [HOCPHI], [TTRANGHP], [GHICHU]) VALUES (N'20037', N'300005', 50, 50, 50, 5, 2, 4200000, N'da thu', NULL)
INSERT [dbo].[DKHP] ([MASV], [MALHP], [DIEMTKY], [DIEMGK], [DIEMCK], [DIEMTBHE10], [DIEMTBHE4], [HOCPHI], [TTRANGHP], [GHICHU]) VALUES (N'20037', N'300008', 50, 50, 50, 5, 2, 5000000, N'da thu', NULL)
INSERT [dbo].[DKHP] ([MASV], [MALHP], [DIEMTKY], [DIEMGK], [DIEMCK], [DIEMTBHE10], [DIEMTBHE4], [HOCPHI], [TTRANGHP], [GHICHU]) VALUES (N'20037', N'300011', 50, 50, 50, 5, 2, 4200000, N'da thu', NULL)
INSERT [dbo].[DKHP] ([MASV], [MALHP], [DIEMTKY], [DIEMGK], [DIEMCK], [DIEMTBHE10], [DIEMTBHE4], [HOCPHI], [TTRANGHP], [GHICHU]) VALUES (N'20038', N'300001', 40, 40, 60, 4, 2, 4200000, N'chua thu', NULL)
INSERT [dbo].[DKHP] ([MASV], [MALHP], [DIEMTKY], [DIEMGK], [DIEMCK], [DIEMTBHE10], [DIEMTBHE4], [HOCPHI], [TTRANGHP], [GHICHU]) VALUES (N'20038', N'300002', 40, 35, 35, 3, 1, 5000000, N'chua thu', NULL)
INSERT [dbo].[DKHP] ([MASV], [MALHP], [DIEMTKY], [DIEMGK], [DIEMCK], [DIEMTBHE10], [DIEMTBHE4], [HOCPHI], [TTRANGHP], [GHICHU]) VALUES (N'20038', N'300005', 60, 60, 80, 6, 3, 4200000, N'chua thu', NULL)
INSERT [dbo].[DKHP] ([MASV], [MALHP], [DIEMTKY], [DIEMGK], [DIEMCK], [DIEMTBHE10], [DIEMTBHE4], [HOCPHI], [TTRANGHP], [GHICHU]) VALUES (N'20038', N'300010', 70, 60, 80, 7, 3, 4200000, N'chua thu', NULL)
INSERT [dbo].[DKHP] ([MASV], [MALHP], [DIEMTKY], [DIEMGK], [DIEMCK], [DIEMTBHE10], [DIEMTBHE4], [HOCPHI], [TTRANGHP], [GHICHU]) VALUES (N'20038', N'300013', 70, 70, 75, 7, 3, 4200000, N'chua thu', NULL)
INSERT [dbo].[DKHP] ([MASV], [MALHP], [DIEMTKY], [DIEMGK], [DIEMCK], [DIEMTBHE10], [DIEMTBHE4], [HOCPHI], [TTRANGHP], [GHICHU]) VALUES (N'20039', N'300001', 45, 45, 60, 5, 2, 4200000, N'da thu', NULL)
INSERT [dbo].[DKHP] ([MASV], [MALHP], [DIEMTKY], [DIEMGK], [DIEMCK], [DIEMTBHE10], [DIEMTBHE4], [HOCPHI], [TTRANGHP], [GHICHU]) VALUES (N'20039', N'300002', 45, 45, 45, 4, 2, 5000000, N'da thu', NULL)
INSERT [dbo].[DKHP] ([MASV], [MALHP], [DIEMTKY], [DIEMGK], [DIEMCK], [DIEMTBHE10], [DIEMTBHE4], [HOCPHI], [TTRANGHP], [GHICHU]) VALUES (N'20039', N'300005', 60, 70, 60, 6, 3, 4200000, N'da thu', NULL)
INSERT [dbo].[DKHP] ([MASV], [MALHP], [DIEMTKY], [DIEMGK], [DIEMCK], [DIEMTBHE10], [DIEMTBHE4], [HOCPHI], [TTRANGHP], [GHICHU]) VALUES (N'20039', N'300011', 65, 45, 80, 6, 3, 4200000, N'da thu', NULL)
INSERT [dbo].[DKHP] ([MASV], [MALHP], [DIEMTKY], [DIEMGK], [DIEMCK], [DIEMTBHE10], [DIEMTBHE4], [HOCPHI], [TTRANGHP], [GHICHU]) VALUES (N'20039', N'300012', 70, 70, 80, 7, 3, 4200000, N'da thu', NULL)
INSERT [dbo].[DKHP] ([MASV], [MALHP], [DIEMTKY], [DIEMGK], [DIEMCK], [DIEMTBHE10], [DIEMTBHE4], [HOCPHI], [TTRANGHP], [GHICHU]) VALUES (N'20040', N'300001', 85, 80, 80, 8, 3, 4200000, N'chua thu', NULL)
INSERT [dbo].[DKHP] ([MASV], [MALHP], [DIEMTKY], [DIEMGK], [DIEMCK], [DIEMTBHE10], [DIEMTBHE4], [HOCPHI], [TTRANGHP], [GHICHU]) VALUES (N'20040', N'300005', 85, 80, 80, 8, 3, 4200000, N'chua thu', NULL)
INSERT [dbo].[DKHP] ([MASV], [MALHP], [DIEMTKY], [DIEMGK], [DIEMCK], [DIEMTBHE10], [DIEMTBHE4], [HOCPHI], [TTRANGHP], [GHICHU]) VALUES (N'20040', N'300007', 90, 70, 80, 8, 3, 5000000, N'chua thu', NULL)
INSERT [dbo].[DKHP] ([MASV], [MALHP], [DIEMTKY], [DIEMGK], [DIEMCK], [DIEMTBHE10], [DIEMTBHE4], [HOCPHI], [TTRANGHP], [GHICHU]) VALUES (N'20040', N'300011', 90, 90, 90, 9, 4, 4200000, N'chua thu', NULL)
INSERT [dbo].[DKHP] ([MASV], [MALHP], [DIEMTKY], [DIEMGK], [DIEMCK], [DIEMTBHE10], [DIEMTBHE4], [HOCPHI], [TTRANGHP], [GHICHU]) VALUES (N'20040', N'300012', 70, 70, 75, 7, 3, 4200000, N'chua thu', NULL)
INSERT [dbo].[DKHP] ([MASV], [MALHP], [DIEMTKY], [DIEMGK], [DIEMCK], [DIEMTBHE10], [DIEMTBHE4], [HOCPHI], [TTRANGHP], [GHICHU]) VALUES (N'20041', N'300005', 90, 80, 70, 8, 3, 4200000, N'da thu', NULL)
INSERT [dbo].[DKHP] ([MASV], [MALHP], [DIEMTKY], [DIEMGK], [DIEMCK], [DIEMTBHE10], [DIEMTBHE4], [HOCPHI], [TTRANGHP], [GHICHU]) VALUES (N'20041', N'300006', 90, 80, 90, 8, 3, 5000000, N'da thu', NULL)
INSERT [dbo].[DKHP] ([MASV], [MALHP], [DIEMTKY], [DIEMGK], [DIEMCK], [DIEMTBHE10], [DIEMTBHE4], [HOCPHI], [TTRANGHP], [GHICHU]) VALUES (N'20041', N'300011', 90, 85, 95, 9, 4, 4200000, N'da thu', NULL)
INSERT [dbo].[DKHP] ([MASV], [MALHP], [DIEMTKY], [DIEMGK], [DIEMCK], [DIEMTBHE10], [DIEMTBHE4], [HOCPHI], [TTRANGHP], [GHICHU]) VALUES (N'20041', N'300012', 90, 80, 80, 8, 3, 4200000, N'da thu', NULL)
INSERT [dbo].[DKHP] ([MASV], [MALHP], [DIEMTKY], [DIEMGK], [DIEMCK], [DIEMTBHE10], [DIEMTBHE4], [HOCPHI], [TTRANGHP], [GHICHU]) VALUES (N'20042', N'300002', 30, 30, 30, 3, 1, 5000000, N'chua thu', NULL)
INSERT [dbo].[DKHP] ([MASV], [MALHP], [DIEMTKY], [DIEMGK], [DIEMCK], [DIEMTBHE10], [DIEMTBHE4], [HOCPHI], [TTRANGHP], [GHICHU]) VALUES (N'20042', N'300007', 60, 50, 70, 6, 3, 5000000, N'chua thu', NULL)
INSERT [dbo].[DKHP] ([MASV], [MALHP], [DIEMTKY], [DIEMGK], [DIEMCK], [DIEMTBHE10], [DIEMTBHE4], [HOCPHI], [TTRANGHP], [GHICHU]) VALUES (N'20042', N'300009', 50, 50, 60, 5, 2, 4200000, N'chua thu', NULL)
INSERT [dbo].[DKHP] ([MASV], [MALHP], [DIEMTKY], [DIEMGK], [DIEMCK], [DIEMTBHE10], [DIEMTBHE4], [HOCPHI], [TTRANGHP], [GHICHU]) VALUES (N'20042', N'300012', 55, 40, 65, 5, 2, 4200000, N'chua thu', NULL)
INSERT [dbo].[DKHP] ([MASV], [MALHP], [DIEMTKY], [DIEMGK], [DIEMCK], [DIEMTBHE10], [DIEMTBHE4], [HOCPHI], [TTRANGHP], [GHICHU]) VALUES (N'20043', N'300001', 35, 75, 80, 6, 3, 4200000, N'da thu', NULL)
INSERT [dbo].[DKHP] ([MASV], [MALHP], [DIEMTKY], [DIEMGK], [DIEMCK], [DIEMTBHE10], [DIEMTBHE4], [HOCPHI], [TTRANGHP], [GHICHU]) VALUES (N'20043', N'300005', 70, 75, 80, 7, 3, 4200000, N'da thu', NULL)
INSERT [dbo].[DKHP] ([MASV], [MALHP], [DIEMTKY], [DIEMGK], [DIEMCK], [DIEMTBHE10], [DIEMTBHE4], [HOCPHI], [TTRANGHP], [GHICHU]) VALUES (N'20043', N'300011', 65, 60, 80, 8, 3, 4200000, N'da thu', NULL)
INSERT [dbo].[DKHP] ([MASV], [MALHP], [DIEMTKY], [DIEMGK], [DIEMCK], [DIEMTBHE10], [DIEMTBHE4], [HOCPHI], [TTRANGHP], [GHICHU]) VALUES (N'20043', N'300012', 55, 55, 70, 6, 3, 4200000, N'da thu', NULL)
INSERT [dbo].[DKHP] ([MASV], [MALHP], [DIEMTKY], [DIEMGK], [DIEMCK], [DIEMTBHE10], [DIEMTBHE4], [HOCPHI], [TTRANGHP], [GHICHU]) VALUES (N'20043', N'300013', 70, 70, 80, 7, 3, 4200000, N'da thu', NULL)
INSERT [dbo].[DKHP] ([MASV], [MALHP], [DIEMTKY], [DIEMGK], [DIEMCK], [DIEMTBHE10], [DIEMTBHE4], [HOCPHI], [TTRANGHP], [GHICHU]) VALUES (N'20044', N'300001', 65, 65, 50, 6, 3, 4200000, N'chua thu', NULL)
INSERT [dbo].[DKHP] ([MASV], [MALHP], [DIEMTKY], [DIEMGK], [DIEMCK], [DIEMTBHE10], [DIEMTBHE4], [HOCPHI], [TTRANGHP], [GHICHU]) VALUES (N'20044', N'300002', 65, 65, 50, 6, 3, 5000000, N'chua thu', NULL)
INSERT [dbo].[DKHP] ([MASV], [MALHP], [DIEMTKY], [DIEMGK], [DIEMCK], [DIEMTBHE10], [DIEMTBHE4], [HOCPHI], [TTRANGHP], [GHICHU]) VALUES (N'20044', N'300005', 65, 55, 80, 7, 3, 4200000, N'chua thu', NULL)
INSERT [dbo].[DKHP] ([MASV], [MALHP], [DIEMTKY], [DIEMGK], [DIEMCK], [DIEMTBHE10], [DIEMTBHE4], [HOCPHI], [TTRANGHP], [GHICHU]) VALUES (N'20044', N'300009', 65, 50, 50, 5, 3, 4200000, N'chua thu', NULL)
INSERT [dbo].[DKHP] ([MASV], [MALHP], [DIEMTKY], [DIEMGK], [DIEMCK], [DIEMTBHE10], [DIEMTBHE4], [HOCPHI], [TTRANGHP], [GHICHU]) VALUES (N'20044', N'300011', 65, 75, 50, 6, 3, 4200000, N'chua thu', NULL)
INSERT [dbo].[DKHP] ([MASV], [MALHP], [DIEMTKY], [DIEMGK], [DIEMCK], [DIEMTBHE10], [DIEMTBHE4], [HOCPHI], [TTRANGHP], [GHICHU]) VALUES (N'20045', N'300002', 65, 60, 80, 6, 3, 5000000, N'da thu', NULL)
INSERT [dbo].[DKHP] ([MASV], [MALHP], [DIEMTKY], [DIEMGK], [DIEMCK], [DIEMTBHE10], [DIEMTBHE4], [HOCPHI], [TTRANGHP], [GHICHU]) VALUES (N'20045', N'300005', 55, 60, 80, 6, 3, 4200000, N'da thu', NULL)
INSERT [dbo].[DKHP] ([MASV], [MALHP], [DIEMTKY], [DIEMGK], [DIEMCK], [DIEMTBHE10], [DIEMTBHE4], [HOCPHI], [TTRANGHP], [GHICHU]) VALUES (N'20045', N'300009', 75, 70, 70, 7, 3, 4200000, N'da thu', NULL)
GO
INSERT [dbo].[DKHP] ([MASV], [MALHP], [DIEMTKY], [DIEMGK], [DIEMCK], [DIEMTBHE10], [DIEMTBHE4], [HOCPHI], [TTRANGHP], [GHICHU]) VALUES (N'20045', N'300011', 60, 50, 60, 6, 3, 4200000, N'da thu', NULL)
INSERT [dbo].[DKHP] ([MASV], [MALHP], [DIEMTKY], [DIEMGK], [DIEMCK], [DIEMTBHE10], [DIEMTBHE4], [HOCPHI], [TTRANGHP], [GHICHU]) VALUES (N'20045', N'300012', 80, 80, 80, 8, 3, 4200000, N'da thu', NULL)
INSERT [dbo].[DKHP] ([MASV], [MALHP], [DIEMTKY], [DIEMGK], [DIEMCK], [DIEMTBHE10], [DIEMTBHE4], [HOCPHI], [TTRANGHP], [GHICHU]) VALUES (N'20047', N'300004', 65, 80, 50, 6, 3, 4200000, N'da thu', NULL)
INSERT [dbo].[DKHP] ([MASV], [MALHP], [DIEMTKY], [DIEMGK], [DIEMCK], [DIEMTBHE10], [DIEMTBHE4], [HOCPHI], [TTRANGHP], [GHICHU]) VALUES (N'20047', N'300006', 85, 90, 90, 8, 3, 5000000, N'da thu', NULL)
INSERT [dbo].[DKHP] ([MASV], [MALHP], [DIEMTKY], [DIEMGK], [DIEMCK], [DIEMTBHE10], [DIEMTBHE4], [HOCPHI], [TTRANGHP], [GHICHU]) VALUES (N'20047', N'300008', 75, 80, 70, 7, 3, 5000000, N'da thu', NULL)
INSERT [dbo].[DKHP] ([MASV], [MALHP], [DIEMTKY], [DIEMGK], [DIEMCK], [DIEMTBHE10], [DIEMTBHE4], [HOCPHI], [TTRANGHP], [GHICHU]) VALUES (N'20047', N'300012', 50, 70, 90, 7, 3, 4200000, N'da thu', NULL)
INSERT [dbo].[DKHP] ([MASV], [MALHP], [DIEMTKY], [DIEMGK], [DIEMCK], [DIEMTBHE10], [DIEMTBHE4], [HOCPHI], [TTRANGHP], [GHICHU]) VALUES (N'20048', N'300008', 70, 70, 80, 7, 3, 5000000, N'chua thu', NULL)
INSERT [dbo].[DKHP] ([MASV], [MALHP], [DIEMTKY], [DIEMGK], [DIEMCK], [DIEMTBHE10], [DIEMTBHE4], [HOCPHI], [TTRANGHP], [GHICHU]) VALUES (N'20048', N'300009', 70, 80, 80, 7, 3, 4200000, N'chua thu', NULL)
INSERT [dbo].[DKHP] ([MASV], [MALHP], [DIEMTKY], [DIEMGK], [DIEMCK], [DIEMTBHE10], [DIEMTBHE4], [HOCPHI], [TTRANGHP], [GHICHU]) VALUES (N'20048', N'300011', 70, 60, 80, 7, 3, 4200000, N'chua thu', NULL)
INSERT [dbo].[DKHP] ([MASV], [MALHP], [DIEMTKY], [DIEMGK], [DIEMCK], [DIEMTBHE10], [DIEMTBHE4], [HOCPHI], [TTRANGHP], [GHICHU]) VALUES (N'20048', N'300012', 70, 75, 80, 7, 3, 4200000, N'chua thu', NULL)
INSERT [dbo].[DKHP] ([MASV], [MALHP], [DIEMTKY], [DIEMGK], [DIEMCK], [DIEMTBHE10], [DIEMTBHE4], [HOCPHI], [TTRANGHP], [GHICHU]) VALUES (N'20049', N'300001', 70, 50, 80, 6, 3, 4200000, N'da thu', NULL)
INSERT [dbo].[DKHP] ([MASV], [MALHP], [DIEMTKY], [DIEMGK], [DIEMCK], [DIEMTBHE10], [DIEMTBHE4], [HOCPHI], [TTRANGHP], [GHICHU]) VALUES (N'20049', N'300004', 50, 30, 90, 5, 2, 4200000, N'da thu', NULL)
INSERT [dbo].[DKHP] ([MASV], [MALHP], [DIEMTKY], [DIEMGK], [DIEMCK], [DIEMTBHE10], [DIEMTBHE4], [HOCPHI], [TTRANGHP], [GHICHU]) VALUES (N'20049', N'300009', 70, 60, 80, 7, 3, 4200000, N'da thu', NULL)
INSERT [dbo].[DKHP] ([MASV], [MALHP], [DIEMTKY], [DIEMGK], [DIEMCK], [DIEMTBHE10], [DIEMTBHE4], [HOCPHI], [TTRANGHP], [GHICHU]) VALUES (N'20049', N'300012', 80, 50, 90, 7, 3, 4200000, N'da thu', NULL)
INSERT [dbo].[DKHP] ([MASV], [MALHP], [DIEMTKY], [DIEMGK], [DIEMCK], [DIEMTBHE10], [DIEMTBHE4], [HOCPHI], [TTRANGHP], [GHICHU]) VALUES (N'20050', N'300001', 90, 95, 90, 9, 4, 4200000, N'chua thu', NULL)
INSERT [dbo].[DKHP] ([MASV], [MALHP], [DIEMTKY], [DIEMGK], [DIEMCK], [DIEMTBHE10], [DIEMTBHE4], [HOCPHI], [TTRANGHP], [GHICHU]) VALUES (N'20050', N'300005', 90, 90, 90, 9, 4, 4200000, N'chua thu', NULL)
INSERT [dbo].[DKHP] ([MASV], [MALHP], [DIEMTKY], [DIEMGK], [DIEMCK], [DIEMTBHE10], [DIEMTBHE4], [HOCPHI], [TTRANGHP], [GHICHU]) VALUES (N'20050', N'300009', 90, 80, 90, 8, 3, 4200000, N'chua thu', NULL)
INSERT [dbo].[DKHP] ([MASV], [MALHP], [DIEMTKY], [DIEMGK], [DIEMCK], [DIEMTBHE10], [DIEMTBHE4], [HOCPHI], [TTRANGHP], [GHICHU]) VALUES (N'20050', N'300011', 70, 80, 90, 8, 3, 4200000, N'chua thu', NULL)
INSERT [dbo].[DKHP] ([MASV], [MALHP], [DIEMTKY], [DIEMGK], [DIEMCK], [DIEMTBHE10], [DIEMTBHE4], [HOCPHI], [TTRANGHP], [GHICHU]) VALUES (N'20051', N'300001', 90, 90, 100, 9, 4, 4200000, N'da thu', NULL)
INSERT [dbo].[DKHP] ([MASV], [MALHP], [DIEMTKY], [DIEMGK], [DIEMCK], [DIEMTBHE10], [DIEMTBHE4], [HOCPHI], [TTRANGHP], [GHICHU]) VALUES (N'20051', N'300002', 80, 90, 80, 8, 3, 5000000, N'da thu', NULL)
INSERT [dbo].[DKHP] ([MASV], [MALHP], [DIEMTKY], [DIEMGK], [DIEMCK], [DIEMTBHE10], [DIEMTBHE4], [HOCPHI], [TTRANGHP], [GHICHU]) VALUES (N'20051', N'300005', 90, 90, 90, 9, 4, 4200000, N'da thu', NULL)
INSERT [dbo].[DKHP] ([MASV], [MALHP], [DIEMTKY], [DIEMGK], [DIEMCK], [DIEMTBHE10], [DIEMTBHE4], [HOCPHI], [TTRANGHP], [GHICHU]) VALUES (N'20051', N'300007', 80, 90, 90, 8, 3, 5000000, N'da thu', NULL)
INSERT [dbo].[DKHP] ([MASV], [MALHP], [DIEMTKY], [DIEMGK], [DIEMCK], [DIEMTBHE10], [DIEMTBHE4], [HOCPHI], [TTRANGHP], [GHICHU]) VALUES (N'20051', N'300009', 70, 90, 100, 9, 4, 4200000, N'da thu', NULL)
INSERT [dbo].[DKHP] ([MASV], [MALHP], [DIEMTKY], [DIEMGK], [DIEMCK], [DIEMTBHE10], [DIEMTBHE4], [HOCPHI], [TTRANGHP], [GHICHU]) VALUES (N'20052', N'300001', 75, 80, 80, 8, 3, 4200000, N'chua thu', NULL)
INSERT [dbo].[DKHP] ([MASV], [MALHP], [DIEMTKY], [DIEMGK], [DIEMCK], [DIEMTBHE10], [DIEMTBHE4], [HOCPHI], [TTRANGHP], [GHICHU]) VALUES (N'20052', N'300002', 75, 75, 75, 7, 3, 5000000, N'chua thu', NULL)
INSERT [dbo].[DKHP] ([MASV], [MALHP], [DIEMTKY], [DIEMGK], [DIEMCK], [DIEMTBHE10], [DIEMTBHE4], [HOCPHI], [TTRANGHP], [GHICHU]) VALUES (N'20052', N'300004', 70, 70, 80, 7, 3, 4200000, N'chua thu', NULL)
INSERT [dbo].[DKHP] ([MASV], [MALHP], [DIEMTKY], [DIEMGK], [DIEMCK], [DIEMTBHE10], [DIEMTBHE4], [HOCPHI], [TTRANGHP], [GHICHU]) VALUES (N'20052', N'300007', 70, 80, 80, 7, 3, 5000000, N'chua thu', NULL)
INSERT [dbo].[DKHP] ([MASV], [MALHP], [DIEMTKY], [DIEMGK], [DIEMCK], [DIEMTBHE10], [DIEMTBHE4], [HOCPHI], [TTRANGHP], [GHICHU]) VALUES (N'20053', N'300001', 20, 45, 35, 3, 1, 4200000, N'da thu', NULL)
INSERT [dbo].[DKHP] ([MASV], [MALHP], [DIEMTKY], [DIEMGK], [DIEMCK], [DIEMTBHE10], [DIEMTBHE4], [HOCPHI], [TTRANGHP], [GHICHU]) VALUES (N'20053', N'300005', 40, 45, 35, 4, 2, 4200000, N'da thu', NULL)
INSERT [dbo].[DKHP] ([MASV], [MALHP], [DIEMTKY], [DIEMGK], [DIEMCK], [DIEMTBHE10], [DIEMTBHE4], [HOCPHI], [TTRANGHP], [GHICHU]) VALUES (N'20053', N'300007', 50, 50, 65, 5, 2, 5000000, N'da thu', NULL)
INSERT [dbo].[DKHP] ([MASV], [MALHP], [DIEMTKY], [DIEMGK], [DIEMCK], [DIEMTBHE10], [DIEMTBHE4], [HOCPHI], [TTRANGHP], [GHICHU]) VALUES (N'20053', N'300010', 50, 60, 65, 5, 2, 4200000, N'da thu', NULL)
INSERT [dbo].[DKHP] ([MASV], [MALHP], [DIEMTKY], [DIEMGK], [DIEMCK], [DIEMTBHE10], [DIEMTBHE4], [HOCPHI], [TTRANGHP], [GHICHU]) VALUES (N'20054', N'300001', 20, 20, 20, 2, 1, 4200000, N'chua thu', NULL)
INSERT [dbo].[DKHP] ([MASV], [MALHP], [DIEMTKY], [DIEMGK], [DIEMCK], [DIEMTBHE10], [DIEMTBHE4], [HOCPHI], [TTRANGHP], [GHICHU]) VALUES (N'20054', N'300005', 20, 20, 20, 2, 1, 4200000, N'chua thu', NULL)
INSERT [dbo].[DKHP] ([MASV], [MALHP], [DIEMTKY], [DIEMGK], [DIEMCK], [DIEMTBHE10], [DIEMTBHE4], [HOCPHI], [TTRANGHP], [GHICHU]) VALUES (N'20054', N'300009', 50, 50, 70, 5, 2, 4200000, N'chua thu', NULL)
INSERT [dbo].[DKHP] ([MASV], [MALHP], [DIEMTKY], [DIEMGK], [DIEMCK], [DIEMTBHE10], [DIEMTBHE4], [HOCPHI], [TTRANGHP], [GHICHU]) VALUES (N'20054', N'300011', 60, 60, 50, 5, 2, 4200000, N'chua thu', NULL)
INSERT [dbo].[DKHP] ([MASV], [MALHP], [DIEMTKY], [DIEMGK], [DIEMCK], [DIEMTBHE10], [DIEMTBHE4], [HOCPHI], [TTRANGHP], [GHICHU]) VALUES (N'20055', N'300005', 45, 45, 80, 5, 2, 4200000, N'da thu', NULL)
INSERT [dbo].[DKHP] ([MASV], [MALHP], [DIEMTKY], [DIEMGK], [DIEMCK], [DIEMTBHE10], [DIEMTBHE4], [HOCPHI], [TTRANGHP], [GHICHU]) VALUES (N'20055', N'300006', 50, 50, 80, 6, 3, 5000000, N'da thu', NULL)
INSERT [dbo].[DKHP] ([MASV], [MALHP], [DIEMTKY], [DIEMGK], [DIEMCK], [DIEMTBHE10], [DIEMTBHE4], [HOCPHI], [TTRANGHP], [GHICHU]) VALUES (N'20055', N'300009', 45, 45, 70, 5, 2, 4200000, N'da thu', NULL)
INSERT [dbo].[DKHP] ([MASV], [MALHP], [DIEMTKY], [DIEMGK], [DIEMCK], [DIEMTBHE10], [DIEMTBHE4], [HOCPHI], [TTRANGHP], [GHICHU]) VALUES (N'20055', N'300011', 60, 60, 80, 6, 3, 4200000, N'da thu', NULL)
INSERT [dbo].[DKHP] ([MASV], [MALHP], [DIEMTKY], [DIEMGK], [DIEMCK], [DIEMTBHE10], [DIEMTBHE4], [HOCPHI], [TTRANGHP], [GHICHU]) VALUES (N'20055', N'300012', 45, 45, 80, 5, 2, 4200000, N'da thu', NULL)
INSERT [dbo].[DKHP] ([MASV], [MALHP], [DIEMTKY], [DIEMGK], [DIEMCK], [DIEMTBHE10], [DIEMTBHE4], [HOCPHI], [TTRANGHP], [GHICHU]) VALUES (N'20056', N'300001', 50, 55, 45, 5, 2, 4200000, N'chua thu', NULL)
INSERT [dbo].[DKHP] ([MASV], [MALHP], [DIEMTKY], [DIEMGK], [DIEMCK], [DIEMTBHE10], [DIEMTBHE4], [HOCPHI], [TTRANGHP], [GHICHU]) VALUES (N'20056', N'300005', 50, 55, 65, 5, 2, 4200000, N'chua thu', NULL)
INSERT [dbo].[DKHP] ([MASV], [MALHP], [DIEMTKY], [DIEMGK], [DIEMCK], [DIEMTBHE10], [DIEMTBHE4], [HOCPHI], [TTRANGHP], [GHICHU]) VALUES (N'20056', N'300006', 50, 60, 60, 5, 2, 5000000, N'chua thu', NULL)
INSERT [dbo].[DKHP] ([MASV], [MALHP], [DIEMTKY], [DIEMGK], [DIEMCK], [DIEMTBHE10], [DIEMTBHE4], [HOCPHI], [TTRANGHP], [GHICHU]) VALUES (N'20056', N'300012', 50, 50, 80, 6, 3, 4200000, N'chua thu', NULL)
INSERT [dbo].[DKHP] ([MASV], [MALHP], [DIEMTKY], [DIEMGK], [DIEMCK], [DIEMTBHE10], [DIEMTBHE4], [HOCPHI], [TTRANGHP], [GHICHU]) VALUES (N'20057', N'300001', 45, 80, 90, 7, 3, 4200000, N'da thu', NULL)
INSERT [dbo].[DKHP] ([MASV], [MALHP], [DIEMTKY], [DIEMGK], [DIEMCK], [DIEMTBHE10], [DIEMTBHE4], [HOCPHI], [TTRANGHP], [GHICHU]) VALUES (N'20057', N'300005', 80, 70, 90, 8, 3, 4200000, N'da thu', NULL)
INSERT [dbo].[DKHP] ([MASV], [MALHP], [DIEMTKY], [DIEMGK], [DIEMCK], [DIEMTBHE10], [DIEMTBHE4], [HOCPHI], [TTRANGHP], [GHICHU]) VALUES (N'20057', N'300007', 50, 70, 90, 7, 3, 5000000, N'da thu', NULL)
INSERT [dbo].[DKHP] ([MASV], [MALHP], [DIEMTKY], [DIEMGK], [DIEMCK], [DIEMTBHE10], [DIEMTBHE4], [HOCPHI], [TTRANGHP], [GHICHU]) VALUES (N'20057', N'300009', 60, 60, 90, 7, 3, 4200000, N'da thu', NULL)
INSERT [dbo].[DKHP] ([MASV], [MALHP], [DIEMTKY], [DIEMGK], [DIEMCK], [DIEMTBHE10], [DIEMTBHE4], [HOCPHI], [TTRANGHP], [GHICHU]) VALUES (N'20058', N'300002', 25, 25, 45, 3, 1, 5000000, N'chua thu', NULL)
INSERT [dbo].[DKHP] ([MASV], [MALHP], [DIEMTKY], [DIEMGK], [DIEMCK], [DIEMTBHE10], [DIEMTBHE4], [HOCPHI], [TTRANGHP], [GHICHU]) VALUES (N'20058', N'300005', 55, 55, 55, 5, 2, 4200000, N'chua thu', NULL)
INSERT [dbo].[DKHP] ([MASV], [MALHP], [DIEMTKY], [DIEMGK], [DIEMCK], [DIEMTBHE10], [DIEMTBHE4], [HOCPHI], [TTRANGHP], [GHICHU]) VALUES (N'20058', N'300006', 65, 60, 45, 5, 2, 5000000, N'chua thu', NULL)
INSERT [dbo].[DKHP] ([MASV], [MALHP], [DIEMTKY], [DIEMGK], [DIEMCK], [DIEMTBHE10], [DIEMTBHE4], [HOCPHI], [TTRANGHP], [GHICHU]) VALUES (N'20058', N'300012', 60, 65, 45, 5, 2, 4200000, N'chua thu', NULL)
INSERT [dbo].[DKHP] ([MASV], [MALHP], [DIEMTKY], [DIEMGK], [DIEMCK], [DIEMTBHE10], [DIEMTBHE4], [HOCPHI], [TTRANGHP], [GHICHU]) VALUES (N'20059', N'300002', 85, 85, 70, 8, 3, 5000000, N'da thu', NULL)
INSERT [dbo].[DKHP] ([MASV], [MALHP], [DIEMTKY], [DIEMGK], [DIEMCK], [DIEMTBHE10], [DIEMTBHE4], [HOCPHI], [TTRANGHP], [GHICHU]) VALUES (N'20059', N'300006', 85, 85, 80, 8, 3, 5000000, N'da thu', NULL)
INSERT [dbo].[DKHP] ([MASV], [MALHP], [DIEMTKY], [DIEMGK], [DIEMCK], [DIEMTBHE10], [DIEMTBHE4], [HOCPHI], [TTRANGHP], [GHICHU]) VALUES (N'20059', N'300008', 80, 80, 70, 7, 3, 5000000, N'da thu', NULL)
INSERT [dbo].[DKHP] ([MASV], [MALHP], [DIEMTKY], [DIEMGK], [DIEMCK], [DIEMTBHE10], [DIEMTBHE4], [HOCPHI], [TTRANGHP], [GHICHU]) VALUES (N'20059', N'300009', 90, 85, 70, 8, 3, 4200000, N'da thu', NULL)
INSERT [dbo].[DKHP] ([MASV], [MALHP], [DIEMTKY], [DIEMGK], [DIEMCK], [DIEMTBHE10], [DIEMTBHE4], [HOCPHI], [TTRANGHP], [GHICHU]) VALUES (N'20060', N'300004', 65, 55, 85, 7, 3, 4200000, N'chua thu', NULL)
INSERT [dbo].[DKHP] ([MASV], [MALHP], [DIEMTKY], [DIEMGK], [DIEMCK], [DIEMTBHE10], [DIEMTBHE4], [HOCPHI], [TTRANGHP], [GHICHU]) VALUES (N'20060', N'300006', 65, 65, 85, 7, 3, 5000000, N'chua thu', NULL)
INSERT [dbo].[DKHP] ([MASV], [MALHP], [DIEMTKY], [DIEMGK], [DIEMCK], [DIEMTBHE10], [DIEMTBHE4], [HOCPHI], [TTRANGHP], [GHICHU]) VALUES (N'20060', N'300007', 65, 75, 65, 6, 3, 5000000, N'chua thu', NULL)
INSERT [dbo].[DKHP] ([MASV], [MALHP], [DIEMTKY], [DIEMGK], [DIEMCK], [DIEMTBHE10], [DIEMTBHE4], [HOCPHI], [TTRANGHP], [GHICHU]) VALUES (N'20060', N'300009', 70, 55, 75, 7, 3, 4200000, N'chua thu', NULL)
INSERT [dbo].[DKHP] ([MASV], [MALHP], [DIEMTKY], [DIEMGK], [DIEMCK], [DIEMTBHE10], [DIEMTBHE4], [HOCPHI], [TTRANGHP], [GHICHU]) VALUES (N'20061', N'300001', 100, 100, 100, 10, 4, 4200000, N'da thu', NULL)
INSERT [dbo].[DKHP] ([MASV], [MALHP], [DIEMTKY], [DIEMGK], [DIEMCK], [DIEMTBHE10], [DIEMTBHE4], [HOCPHI], [TTRANGHP], [GHICHU]) VALUES (N'20061', N'300004', 55, 45, 55, 5, 2, 4200000, N'da thu', NULL)
INSERT [dbo].[DKHP] ([MASV], [MALHP], [DIEMTKY], [DIEMGK], [DIEMCK], [DIEMTBHE10], [DIEMTBHE4], [HOCPHI], [TTRANGHP], [GHICHU]) VALUES (N'20061', N'300007', 70, 80, 80, 8, 3, 5000000, N'da thu', NULL)
INSERT [dbo].[DKHP] ([MASV], [MALHP], [DIEMTKY], [DIEMGK], [DIEMCK], [DIEMTBHE10], [DIEMTBHE4], [HOCPHI], [TTRANGHP], [GHICHU]) VALUES (N'20061', N'300010', 55, 55, 70, 6, 2, 4200000, N'da thu', NULL)
INSERT [dbo].[DKHP] ([MASV], [MALHP], [DIEMTKY], [DIEMGK], [DIEMCK], [DIEMTBHE10], [DIEMTBHE4], [HOCPHI], [TTRANGHP], [GHICHU]) VALUES (N'20062', N'300002', 59, 70, 80, 7, 3, 5000000, N'da thu', NULL)
INSERT [dbo].[DKHP] ([MASV], [MALHP], [DIEMTKY], [DIEMGK], [DIEMCK], [DIEMTBHE10], [DIEMTBHE4], [HOCPHI], [TTRANGHP], [GHICHU]) VALUES (N'20062', N'300005', 60, 80, 80, 7, 3, 4200000, N'da thu', NULL)
INSERT [dbo].[DKHP] ([MASV], [MALHP], [DIEMTKY], [DIEMGK], [DIEMCK], [DIEMTBHE10], [DIEMTBHE4], [HOCPHI], [TTRANGHP], [GHICHU]) VALUES (N'20062', N'300008', 75, 80, 90, 8, 3, 5000000, N'da thu', NULL)
INSERT [dbo].[DKHP] ([MASV], [MALHP], [DIEMTKY], [DIEMGK], [DIEMCK], [DIEMTBHE10], [DIEMTBHE4], [HOCPHI], [TTRANGHP], [GHICHU]) VALUES (N'20062', N'300011', 50, 50, 50, 6, 2, 4200000, N'da thu', NULL)
INSERT [dbo].[DKHP] ([MASV], [MALHP], [DIEMTKY], [DIEMGK], [DIEMCK], [DIEMTBHE10], [DIEMTBHE4], [HOCPHI], [TTRANGHP], [GHICHU]) VALUES (N'20063', N'300001', 50, 50, 50, 5, 2, 4200000, N'da thu', NULL)
INSERT [dbo].[DKHP] ([MASV], [MALHP], [DIEMTKY], [DIEMGK], [DIEMCK], [DIEMTBHE10], [DIEMTBHE4], [HOCPHI], [TTRANGHP], [GHICHU]) VALUES (N'20063', N'300004', 60, 70, 80, 7, 3, 4200000, N'da thu', NULL)
INSERT [dbo].[DKHP] ([MASV], [MALHP], [DIEMTKY], [DIEMGK], [DIEMCK], [DIEMTBHE10], [DIEMTBHE4], [HOCPHI], [TTRANGHP], [GHICHU]) VALUES (N'20063', N'300007', 60, 65, 85, 7, 3, 5000000, N'da thu', NULL)
INSERT [dbo].[DKHP] ([MASV], [MALHP], [DIEMTKY], [DIEMGK], [DIEMCK], [DIEMTBHE10], [DIEMTBHE4], [HOCPHI], [TTRANGHP], [GHICHU]) VALUES (N'20063', N'300010', 55, 40, 60, 5, 2, 4200000, N'da thu', NULL)
INSERT [dbo].[DKHP] ([MASV], [MALHP], [DIEMTKY], [DIEMGK], [DIEMCK], [DIEMTBHE10], [DIEMTBHE4], [HOCPHI], [TTRANGHP], [GHICHU]) VALUES (N'20063', N'300013', 65, 70, 75, 7, 3, 4200000, N'da thu', NULL)
INSERT [dbo].[DKHP] ([MASV], [MALHP], [DIEMTKY], [DIEMGK], [DIEMCK], [DIEMTBHE10], [DIEMTBHE4], [HOCPHI], [TTRANGHP], [GHICHU]) VALUES (N'20064', N'300002', 55, 55, 75, 6, 3, 5000000, N'da thu', NULL)
INSERT [dbo].[DKHP] ([MASV], [MALHP], [DIEMTKY], [DIEMGK], [DIEMCK], [DIEMTBHE10], [DIEMTBHE4], [HOCPHI], [TTRANGHP], [GHICHU]) VALUES (N'20064', N'300005', 60, 90, 80, 8, 3, 4200000, N'da thu', NULL)
INSERT [dbo].[DKHP] ([MASV], [MALHP], [DIEMTKY], [DIEMGK], [DIEMCK], [DIEMTBHE10], [DIEMTBHE4], [HOCPHI], [TTRANGHP], [GHICHU]) VALUES (N'20064', N'300008', 95, 100, 100, 10, 4, 5000000, N'da thu', NULL)
INSERT [dbo].[DKHP] ([MASV], [MALHP], [DIEMTKY], [DIEMGK], [DIEMCK], [DIEMTBHE10], [DIEMTBHE4], [HOCPHI], [TTRANGHP], [GHICHU]) VALUES (N'20064', N'300011', 80, 80, 80, 8, 3, 4200000, N'da thu', NULL)
INSERT [dbo].[DKHP] ([MASV], [MALHP], [DIEMTKY], [DIEMGK], [DIEMCK], [DIEMTBHE10], [DIEMTBHE4], [HOCPHI], [TTRANGHP], [GHICHU]) VALUES (N'20065', N'300001', 80, 65, 75, 7, 3, 4200000, N'da thu', NULL)
INSERT [dbo].[DKHP] ([MASV], [MALHP], [DIEMTKY], [DIEMGK], [DIEMCK], [DIEMTBHE10], [DIEMTBHE4], [HOCPHI], [TTRANGHP], [GHICHU]) VALUES (N'20065', N'300005', 90, 70, 80, 8, 3, 4200000, N'da thu', NULL)
INSERT [dbo].[DKHP] ([MASV], [MALHP], [DIEMTKY], [DIEMGK], [DIEMCK], [DIEMTBHE10], [DIEMTBHE4], [HOCPHI], [TTRANGHP], [GHICHU]) VALUES (N'20065', N'300009', 90, 100, 100, 10, 4, 4200000, N'da thu', NULL)
INSERT [dbo].[DKHP] ([MASV], [MALHP], [DIEMTKY], [DIEMGK], [DIEMCK], [DIEMTBHE10], [DIEMTBHE4], [HOCPHI], [TTRANGHP], [GHICHU]) VALUES (N'20065', N'300013', 70, 80, 70, 8, 3, 4200000, N'da thu', NULL)
INSERT [dbo].[DKHP] ([MASV], [MALHP], [DIEMTKY], [DIEMGK], [DIEMCK], [DIEMTBHE10], [DIEMTBHE4], [HOCPHI], [TTRANGHP], [GHICHU]) VALUES (N'20066', N'300004', 60, 50, 50, 5, 2, 4200000, N'da thu', NULL)
INSERT [dbo].[DKHP] ([MASV], [MALHP], [DIEMTKY], [DIEMGK], [DIEMCK], [DIEMTBHE10], [DIEMTBHE4], [HOCPHI], [TTRANGHP], [GHICHU]) VALUES (N'20066', N'300007', 70, 80, 80, 8, 3, 5000000, N'da thu', NULL)
INSERT [dbo].[DKHP] ([MASV], [MALHP], [DIEMTKY], [DIEMGK], [DIEMCK], [DIEMTBHE10], [DIEMTBHE4], [HOCPHI], [TTRANGHP], [GHICHU]) VALUES (N'20066', N'300010', 60, 40, 60, 5, 2, 4200000, N'da thu', NULL)
INSERT [dbo].[DKHP] ([MASV], [MALHP], [DIEMTKY], [DIEMGK], [DIEMCK], [DIEMTBHE10], [DIEMTBHE4], [HOCPHI], [TTRANGHP], [GHICHU]) VALUES (N'20066', N'300013', 70, 70, 80, 7, 3, 4200000, N'da thu', NULL)
INSERT [dbo].[DKHP] ([MASV], [MALHP], [DIEMTKY], [DIEMGK], [DIEMCK], [DIEMTBHE10], [DIEMTBHE4], [HOCPHI], [TTRANGHP], [GHICHU]) VALUES (N'20067', N'300001', 40, 60, 50, 5, 2, 4200000, N'da thu', NULL)
INSERT [dbo].[DKHP] ([MASV], [MALHP], [DIEMTKY], [DIEMGK], [DIEMCK], [DIEMTBHE10], [DIEMTBHE4], [HOCPHI], [TTRANGHP], [GHICHU]) VALUES (N'20067', N'300005', 65, 75, 90, 8, 3, 4200000, N'da thu', NULL)
INSERT [dbo].[DKHP] ([MASV], [MALHP], [DIEMTKY], [DIEMGK], [DIEMCK], [DIEMTBHE10], [DIEMTBHE4], [HOCPHI], [TTRANGHP], [GHICHU]) VALUES (N'20067', N'300009', 45, 60, 50, 5, 2, 4200000, N'da thu', NULL)
INSERT [dbo].[DKHP] ([MASV], [MALHP], [DIEMTKY], [DIEMGK], [DIEMCK], [DIEMTBHE10], [DIEMTBHE4], [HOCPHI], [TTRANGHP], [GHICHU]) VALUES (N'20067', N'300013', 70, 70, 80, 7, 3, 4200000, N'da thu', NULL)
INSERT [dbo].[DKHP] ([MASV], [MALHP], [DIEMTKY], [DIEMGK], [DIEMCK], [DIEMTBHE10], [DIEMTBHE4], [HOCPHI], [TTRANGHP], [GHICHU]) VALUES (N'20068', N'300002', 45, 40, 60, 5, 2, 5000000, N'da thu', NULL)
INSERT [dbo].[DKHP] ([MASV], [MALHP], [DIEMTKY], [DIEMGK], [DIEMCK], [DIEMTBHE10], [DIEMTBHE4], [HOCPHI], [TTRANGHP], [GHICHU]) VALUES (N'20068', N'300006', 70, 90, 60, 7, 3, 5000000, N'da thu', NULL)
INSERT [dbo].[DKHP] ([MASV], [MALHP], [DIEMTKY], [DIEMGK], [DIEMCK], [DIEMTBHE10], [DIEMTBHE4], [HOCPHI], [TTRANGHP], [GHICHU]) VALUES (N'20068', N'300009', 70, 60, 80, 7, 3, 4200000, N'da thu', NULL)
INSERT [dbo].[DKHP] ([MASV], [MALHP], [DIEMTKY], [DIEMGK], [DIEMCK], [DIEMTBHE10], [DIEMTBHE4], [HOCPHI], [TTRANGHP], [GHICHU]) VALUES (N'20068', N'300012', 40, 60, 50, 5, 2, 4200000, N'da thu', NULL)
INSERT [dbo].[DKHP] ([MASV], [MALHP], [DIEMTKY], [DIEMGK], [DIEMCK], [DIEMTBHE10], [DIEMTBHE4], [HOCPHI], [TTRANGHP], [GHICHU]) VALUES (N'20069', N'300002', 60, 50, 50, 5, 2, 5000000, N'da thu', NULL)
INSERT [dbo].[DKHP] ([MASV], [MALHP], [DIEMTKY], [DIEMGK], [DIEMCK], [DIEMTBHE10], [DIEMTBHE4], [HOCPHI], [TTRANGHP], [GHICHU]) VALUES (N'20069', N'300006', 75, 80, 80, 8, 3, 5000000, N'da thu', NULL)
INSERT [dbo].[DKHP] ([MASV], [MALHP], [DIEMTKY], [DIEMGK], [DIEMCK], [DIEMTBHE10], [DIEMTBHE4], [HOCPHI], [TTRANGHP], [GHICHU]) VALUES (N'20069', N'300009', 60, 45, 55, 5, 2, 4200000, N'da thu', NULL)
INSERT [dbo].[DKHP] ([MASV], [MALHP], [DIEMTKY], [DIEMGK], [DIEMCK], [DIEMTBHE10], [DIEMTBHE4], [HOCPHI], [TTRANGHP], [GHICHU]) VALUES (N'20069', N'300012', 70, 70, 75, 7, 3, 4200000, N'da thu', NULL)
INSERT [dbo].[DKHP] ([MASV], [MALHP], [DIEMTKY], [DIEMGK], [DIEMCK], [DIEMTBHE10], [DIEMTBHE4], [HOCPHI], [TTRANGHP], [GHICHU]) VALUES (N'20070', N'300002', 60, 75, 75, 7, 3, 5000000, N'da thu', NULL)
INSERT [dbo].[DKHP] ([MASV], [MALHP], [DIEMTKY], [DIEMGK], [DIEMCK], [DIEMTBHE10], [DIEMTBHE4], [HOCPHI], [TTRANGHP], [GHICHU]) VALUES (N'20070', N'300006', 50, 40, 60, 5, 3, 5000000, N'da thu', NULL)
INSERT [dbo].[DKHP] ([MASV], [MALHP], [DIEMTKY], [DIEMGK], [DIEMCK], [DIEMTBHE10], [DIEMTBHE4], [HOCPHI], [TTRANGHP], [GHICHU]) VALUES (N'20070', N'300009', 55, 50, 55, 5, 2, 4200000, N'da thu', NULL)
GO
INSERT [dbo].[DKHP] ([MASV], [MALHP], [DIEMTKY], [DIEMGK], [DIEMCK], [DIEMTBHE10], [DIEMTBHE4], [HOCPHI], [TTRANGHP], [GHICHU]) VALUES (N'20070', N'300010', 60, 80, 80, 7, 3, 4200000, N'da thu', NULL)
INSERT [dbo].[DKHP] ([MASV], [MALHP], [DIEMTKY], [DIEMGK], [DIEMCK], [DIEMTBHE10], [DIEMTBHE4], [HOCPHI], [TTRANGHP], [GHICHU]) VALUES (N'20070', N'300013', 55, 90, 70, 7, 3, 4200000, N'da thu', NULL)
INSERT [dbo].[DKHP] ([MASV], [MALHP], [DIEMTKY], [DIEMGK], [DIEMCK], [DIEMTBHE10], [DIEMTBHE4], [HOCPHI], [TTRANGHP], [GHICHU]) VALUES (N'20071', N'300001', 100, 90, 100, 10, 4, 2940000, N'da thu', NULL)
INSERT [dbo].[DKHP] ([MASV], [MALHP], [DIEMTKY], [DIEMGK], [DIEMCK], [DIEMTBHE10], [DIEMTBHE4], [HOCPHI], [TTRANGHP], [GHICHU]) VALUES (N'20071', N'300005', 50, 80, 80, 7, 3, 2940000, N'da thu', NULL)
INSERT [dbo].[DKHP] ([MASV], [MALHP], [DIEMTKY], [DIEMGK], [DIEMCK], [DIEMTBHE10], [DIEMTBHE4], [HOCPHI], [TTRANGHP], [GHICHU]) VALUES (N'20071', N'300008', 60, 40, 60, 5, 2, 3500000, N'da thu', NULL)
INSERT [dbo].[DKHP] ([MASV], [MALHP], [DIEMTKY], [DIEMGK], [DIEMCK], [DIEMTBHE10], [DIEMTBHE4], [HOCPHI], [TTRANGHP], [GHICHU]) VALUES (N'20071', N'300012', 60, 80, 80, 8, 3, 2940000, N'da thu', NULL)
INSERT [dbo].[DKHP] ([MASV], [MALHP], [DIEMTKY], [DIEMGK], [DIEMCK], [DIEMTBHE10], [DIEMTBHE4], [HOCPHI], [TTRANGHP], [GHICHU]) VALUES (N'20072', N'300001', 40, 60, 50, 5, 2, 2940000, N'da thu', NULL)
INSERT [dbo].[DKHP] ([MASV], [MALHP], [DIEMTKY], [DIEMGK], [DIEMCK], [DIEMTBHE10], [DIEMTBHE4], [HOCPHI], [TTRANGHP], [GHICHU]) VALUES (N'20072', N'300004', 70, 70, 80, 7, 3, 2940000, N'da thu', NULL)
INSERT [dbo].[DKHP] ([MASV], [MALHP], [DIEMTKY], [DIEMGK], [DIEMCK], [DIEMTBHE10], [DIEMTBHE4], [HOCPHI], [TTRANGHP], [GHICHU]) VALUES (N'20072', N'300008', 40, 50, 60, 5, 2, 3500000, N'da thu', NULL)
INSERT [dbo].[DKHP] ([MASV], [MALHP], [DIEMTKY], [DIEMGK], [DIEMCK], [DIEMTBHE10], [DIEMTBHE4], [HOCPHI], [TTRANGHP], [GHICHU]) VALUES (N'20072', N'300010', 70, 70, 70, 7, 3, 2940000, N'da thu', NULL)
INSERT [dbo].[DKHP] ([MASV], [MALHP], [DIEMTKY], [DIEMGK], [DIEMCK], [DIEMTBHE10], [DIEMTBHE4], [HOCPHI], [TTRANGHP], [GHICHU]) VALUES (N'20072', N'300013', 70, 60, 80, 7, 3, 2940000, N'da thu', NULL)
INSERT [dbo].[DKHP] ([MASV], [MALHP], [DIEMTKY], [DIEMGK], [DIEMCK], [DIEMTBHE10], [DIEMTBHE4], [HOCPHI], [TTRANGHP], [GHICHU]) VALUES (N'20073', N'300001', 65, 70, 80, 7, 3, 0, N'da thu', NULL)
INSERT [dbo].[DKHP] ([MASV], [MALHP], [DIEMTKY], [DIEMGK], [DIEMCK], [DIEMTBHE10], [DIEMTBHE4], [HOCPHI], [TTRANGHP], [GHICHU]) VALUES (N'20073', N'300006', 70, 75, 75, 7, 3, 0, N'da thu', NULL)
INSERT [dbo].[DKHP] ([MASV], [MALHP], [DIEMTKY], [DIEMGK], [DIEMCK], [DIEMTBHE10], [DIEMTBHE4], [HOCPHI], [TTRANGHP], [GHICHU]) VALUES (N'20073', N'300008', 55, 50, 50, 5, 2, 0, N'da thu', NULL)
INSERT [dbo].[DKHP] ([MASV], [MALHP], [DIEMTKY], [DIEMGK], [DIEMCK], [DIEMTBHE10], [DIEMTBHE4], [HOCPHI], [TTRANGHP], [GHICHU]) VALUES (N'20073', N'300011', 70, 70, 75, 7, 3, 0, N'da thu', NULL)
INSERT [dbo].[DKHP] ([MASV], [MALHP], [DIEMTKY], [DIEMGK], [DIEMCK], [DIEMTBHE10], [DIEMTBHE4], [HOCPHI], [TTRANGHP], [GHICHU]) VALUES (N'20074', N'300001', 85, 75, 80, 8, 3, 4200000, N'da thu', NULL)
INSERT [dbo].[DKHP] ([MASV], [MALHP], [DIEMTKY], [DIEMGK], [DIEMCK], [DIEMTBHE10], [DIEMTBHE4], [HOCPHI], [TTRANGHP], [GHICHU]) VALUES (N'20074', N'300004', 90, 80, 80, 8, 3, 4200000, N'da thu', NULL)
INSERT [dbo].[DKHP] ([MASV], [MALHP], [DIEMTKY], [DIEMGK], [DIEMCK], [DIEMTBHE10], [DIEMTBHE4], [HOCPHI], [TTRANGHP], [GHICHU]) VALUES (N'20074', N'300007', 85, 75, 90, 8, 3, 5000000, N'da thu', NULL)
INSERT [dbo].[DKHP] ([MASV], [MALHP], [DIEMTKY], [DIEMGK], [DIEMCK], [DIEMTBHE10], [DIEMTBHE4], [HOCPHI], [TTRANGHP], [GHICHU]) VALUES (N'20074', N'300010', 100, 100, 100, 10, 4, 4200000, N'da thu', NULL)
INSERT [dbo].[DKHP] ([MASV], [MALHP], [DIEMTKY], [DIEMGK], [DIEMCK], [DIEMTBHE10], [DIEMTBHE4], [HOCPHI], [TTRANGHP], [GHICHU]) VALUES (N'20075', N'300001', 50, 40, 60, 5, 3, 4200000, N'da thu', NULL)
INSERT [dbo].[DKHP] ([MASV], [MALHP], [DIEMTKY], [DIEMGK], [DIEMCK], [DIEMTBHE10], [DIEMTBHE4], [HOCPHI], [TTRANGHP], [GHICHU]) VALUES (N'20075', N'300005', 50, 50, 50, 5, 2, 4200000, N'da thu', NULL)
INSERT [dbo].[DKHP] ([MASV], [MALHP], [DIEMTKY], [DIEMGK], [DIEMCK], [DIEMTBHE10], [DIEMTBHE4], [HOCPHI], [TTRANGHP], [GHICHU]) VALUES (N'20075', N'300008', 60, 80, 80, 7, 3, 5000000, N'da thu', NULL)
INSERT [dbo].[DKHP] ([MASV], [MALHP], [DIEMTKY], [DIEMGK], [DIEMCK], [DIEMTBHE10], [DIEMTBHE4], [HOCPHI], [TTRANGHP], [GHICHU]) VALUES (N'20075', N'300010', 50, 90, 70, 7, 3, 4200000, N'da thu', NULL)
INSERT [dbo].[DKHP] ([MASV], [MALHP], [DIEMTKY], [DIEMGK], [DIEMCK], [DIEMTBHE10], [DIEMTBHE4], [HOCPHI], [TTRANGHP], [GHICHU]) VALUES (N'20075', N'300013', 60, 90, 80, 8, 3, 4200000, N'da thu', NULL)
INSERT [dbo].[DKHP] ([MASV], [MALHP], [DIEMTKY], [DIEMGK], [DIEMCK], [DIEMTBHE10], [DIEMTBHE4], [HOCPHI], [TTRANGHP], [GHICHU]) VALUES (N'20076', N'300002', 50, 90, 70, 7, 3, 5000000, N'da thu', NULL)
INSERT [dbo].[DKHP] ([MASV], [MALHP], [DIEMTKY], [DIEMGK], [DIEMCK], [DIEMTBHE10], [DIEMTBHE4], [HOCPHI], [TTRANGHP], [GHICHU]) VALUES (N'20076', N'300006', 100, 95, 100, 10, 4, 5000000, N'da thu', NULL)
INSERT [dbo].[DKHP] ([MASV], [MALHP], [DIEMTKY], [DIEMGK], [DIEMCK], [DIEMTBHE10], [DIEMTBHE4], [HOCPHI], [TTRANGHP], [GHICHU]) VALUES (N'20076', N'300008', 55, 80, 80, 7, 3, 5000000, N'da thu', NULL)
INSERT [dbo].[DKHP] ([MASV], [MALHP], [DIEMTKY], [DIEMGK], [DIEMCK], [DIEMTBHE10], [DIEMTBHE4], [HOCPHI], [TTRANGHP], [GHICHU]) VALUES (N'20076', N'300010', 55, 45, 55, 5, 2, 4200000, N'da thu', NULL)
INSERT [dbo].[DKHP] ([MASV], [MALHP], [DIEMTKY], [DIEMGK], [DIEMCK], [DIEMTBHE10], [DIEMTBHE4], [HOCPHI], [TTRANGHP], [GHICHU]) VALUES (N'20076', N'300013', 75, 80, 80, 8, 3, 4200000, N'da thu', NULL)
INSERT [dbo].[DKHP] ([MASV], [MALHP], [DIEMTKY], [DIEMGK], [DIEMCK], [DIEMTBHE10], [DIEMTBHE4], [HOCPHI], [TTRANGHP], [GHICHU]) VALUES (N'20077', N'300002', 80, 80, 80, 8, 3, 5000000, N'da thu', NULL)
INSERT [dbo].[DKHP] ([MASV], [MALHP], [DIEMTKY], [DIEMGK], [DIEMCK], [DIEMTBHE10], [DIEMTBHE4], [HOCPHI], [TTRANGHP], [GHICHU]) VALUES (N'20077', N'300005', 90, 75, 60, 7, 3, 4200000, N'da thu', NULL)
INSERT [dbo].[DKHP] ([MASV], [MALHP], [DIEMTKY], [DIEMGK], [DIEMCK], [DIEMTBHE10], [DIEMTBHE4], [HOCPHI], [TTRANGHP], [GHICHU]) VALUES (N'20077', N'300009', 75, 75, 85, 8, 3, 4200000, N'da thu', NULL)
INSERT [dbo].[DKHP] ([MASV], [MALHP], [DIEMTKY], [DIEMGK], [DIEMCK], [DIEMTBHE10], [DIEMTBHE4], [HOCPHI], [TTRANGHP], [GHICHU]) VALUES (N'20077', N'300013', 95, 100, 100, 10, 4, 4200000, N'da thu', NULL)
INSERT [dbo].[DKHP] ([MASV], [MALHP], [DIEMTKY], [DIEMGK], [DIEMCK], [DIEMTBHE10], [DIEMTBHE4], [HOCPHI], [TTRANGHP], [GHICHU]) VALUES (N'20078', N'300001', 80, 70, 80, 8, 3, 4200000, N'da thu', NULL)
INSERT [dbo].[DKHP] ([MASV], [MALHP], [DIEMTKY], [DIEMGK], [DIEMCK], [DIEMTBHE10], [DIEMTBHE4], [HOCPHI], [TTRANGHP], [GHICHU]) VALUES (N'20078', N'300004', 90, 80, 70, 7, 3, 4200000, N'da thu', NULL)
INSERT [dbo].[DKHP] ([MASV], [MALHP], [DIEMTKY], [DIEMGK], [DIEMCK], [DIEMTBHE10], [DIEMTBHE4], [HOCPHI], [TTRANGHP], [GHICHU]) VALUES (N'20078', N'300008', 100, 70, 80, 8, 3, 5000000, N'da thu', NULL)
INSERT [dbo].[DKHP] ([MASV], [MALHP], [DIEMTKY], [DIEMGK], [DIEMCK], [DIEMTBHE10], [DIEMTBHE4], [HOCPHI], [TTRANGHP], [GHICHU]) VALUES (N'20078', N'300011', 90, 100, 100, 10, 4, 4200000, N'da thu', NULL)
INSERT [dbo].[DKHP] ([MASV], [MALHP], [DIEMTKY], [DIEMGK], [DIEMCK], [DIEMTBHE10], [DIEMTBHE4], [HOCPHI], [TTRANGHP], [GHICHU]) VALUES (N'20079', N'300004', 65, 75, 80, 7, 3, 4200000, N'da thu', NULL)
INSERT [dbo].[DKHP] ([MASV], [MALHP], [DIEMTKY], [DIEMGK], [DIEMCK], [DIEMTBHE10], [DIEMTBHE4], [HOCPHI], [TTRANGHP], [GHICHU]) VALUES (N'20079', N'300007', 50, 90, 70, 7, 3, 5000000, N'da thu', NULL)
INSERT [dbo].[DKHP] ([MASV], [MALHP], [DIEMTKY], [DIEMGK], [DIEMCK], [DIEMTBHE10], [DIEMTBHE4], [HOCPHI], [TTRANGHP], [GHICHU]) VALUES (N'20079', N'300009', 60, 90, 80, 8, 3, 4200000, N'da thu', NULL)
INSERT [dbo].[DKHP] ([MASV], [MALHP], [DIEMTKY], [DIEMGK], [DIEMCK], [DIEMTBHE10], [DIEMTBHE4], [HOCPHI], [TTRANGHP], [GHICHU]) VALUES (N'20079', N'300012', 55, 80, 75, 7, 3, 4200000, N'da thu', NULL)
INSERT [dbo].[DKHP] ([MASV], [MALHP], [DIEMTKY], [DIEMGK], [DIEMCK], [DIEMTBHE10], [DIEMTBHE4], [HOCPHI], [TTRANGHP], [GHICHU]) VALUES (N'20080', N'300002', 70, 80, 90, 8, 3, 5000000, N'da thu', NULL)
INSERT [dbo].[DKHP] ([MASV], [MALHP], [DIEMTKY], [DIEMGK], [DIEMCK], [DIEMTBHE10], [DIEMTBHE4], [HOCPHI], [TTRANGHP], [GHICHU]) VALUES (N'20080', N'300005', 70, 70, 70, 7, 3, 4200000, N'da thu', NULL)
INSERT [dbo].[DKHP] ([MASV], [MALHP], [DIEMTKY], [DIEMGK], [DIEMCK], [DIEMTBHE10], [DIEMTBHE4], [HOCPHI], [TTRANGHP], [GHICHU]) VALUES (N'20080', N'300008', 60, 90, 80, 8, 3, 5000000, N'da thu', NULL)
INSERT [dbo].[DKHP] ([MASV], [MALHP], [DIEMTKY], [DIEMGK], [DIEMCK], [DIEMTBHE10], [DIEMTBHE4], [HOCPHI], [TTRANGHP], [GHICHU]) VALUES (N'20080', N'300011', 50, 90, 70, 7, 3, 4200000, N'da thu', NULL)
INSERT [dbo].[DKHP] ([MASV], [MALHP], [DIEMTKY], [DIEMGK], [DIEMCK], [DIEMTBHE10], [DIEMTBHE4], [HOCPHI], [TTRANGHP], [GHICHU]) VALUES (N'20080', N'300013', 60, 60, 50, 5, 2, 4200000, N'da thu', NULL)
INSERT [dbo].[DKHP] ([MASV], [MALHP], [DIEMTKY], [DIEMGK], [DIEMCK], [DIEMTBHE10], [DIEMTBHE4], [HOCPHI], [TTRANGHP], [GHICHU]) VALUES (N'20081', N'300001', 90, 90, 70, 8, 3, 4200000, N'da thu', NULL)
INSERT [dbo].[DKHP] ([MASV], [MALHP], [DIEMTKY], [DIEMGK], [DIEMCK], [DIEMTBHE10], [DIEMTBHE4], [HOCPHI], [TTRANGHP], [GHICHU]) VALUES (N'20081', N'300006', 60, 90, 80, 8, 3, 5000000, N'da thu', NULL)
INSERT [dbo].[DKHP] ([MASV], [MALHP], [DIEMTKY], [DIEMGK], [DIEMCK], [DIEMTBHE10], [DIEMTBHE4], [HOCPHI], [TTRANGHP], [GHICHU]) VALUES (N'20081', N'300008', 50, 90, 70, 7, 3, 5000000, N'da thu', NULL)
INSERT [dbo].[DKHP] ([MASV], [MALHP], [DIEMTKY], [DIEMGK], [DIEMCK], [DIEMTBHE10], [DIEMTBHE4], [HOCPHI], [TTRANGHP], [GHICHU]) VALUES (N'20081', N'300010', 60, 80, 80, 7, 3, 4200000, N'da thu', NULL)
INSERT [dbo].[DKHP] ([MASV], [MALHP], [DIEMTKY], [DIEMGK], [DIEMCK], [DIEMTBHE10], [DIEMTBHE4], [HOCPHI], [TTRANGHP], [GHICHU]) VALUES (N'20082', N'300002', 75, 75, 65, 7, 3, 5000000, N'da thu', NULL)
INSERT [dbo].[DKHP] ([MASV], [MALHP], [DIEMTKY], [DIEMGK], [DIEMCK], [DIEMTBHE10], [DIEMTBHE4], [HOCPHI], [TTRANGHP], [GHICHU]) VALUES (N'20082', N'300005', 60, 75, 70, 7, 3, 4200000, N'da thu', NULL)
INSERT [dbo].[DKHP] ([MASV], [MALHP], [DIEMTKY], [DIEMGK], [DIEMCK], [DIEMTBHE10], [DIEMTBHE4], [HOCPHI], [TTRANGHP], [GHICHU]) VALUES (N'20082', N'300008', 60, 90, 85, 8, 3, 5000000, N'da thu', NULL)
INSERT [dbo].[DKHP] ([MASV], [MALHP], [DIEMTKY], [DIEMGK], [DIEMCK], [DIEMTBHE10], [DIEMTBHE4], [HOCPHI], [TTRANGHP], [GHICHU]) VALUES (N'20082', N'300011', 50, 90, 70, 7, 3, 4200000, N'da thu', NULL)
INSERT [dbo].[DKHP] ([MASV], [MALHP], [DIEMTKY], [DIEMGK], [DIEMCK], [DIEMTBHE10], [DIEMTBHE4], [HOCPHI], [TTRANGHP], [GHICHU]) VALUES (N'20083', N'300001', 55, 55, 55, 5, 2, 4200000, N'da thu', NULL)
INSERT [dbo].[DKHP] ([MASV], [MALHP], [DIEMTKY], [DIEMGK], [DIEMCK], [DIEMTBHE10], [DIEMTBHE4], [HOCPHI], [TTRANGHP], [GHICHU]) VALUES (N'20083', N'300004', 55, 65, 60, 6, 3, 4200000, N'da thu', NULL)
INSERT [dbo].[DKHP] ([MASV], [MALHP], [DIEMTKY], [DIEMGK], [DIEMCK], [DIEMTBHE10], [DIEMTBHE4], [HOCPHI], [TTRANGHP], [GHICHU]) VALUES (N'20083', N'300007', 50, 90, 70, 7, 3, 5000000, N'da thu', NULL)
INSERT [dbo].[DKHP] ([MASV], [MALHP], [DIEMTKY], [DIEMGK], [DIEMCK], [DIEMTBHE10], [DIEMTBHE4], [HOCPHI], [TTRANGHP], [GHICHU]) VALUES (N'20083', N'300009', 60, 9, 80, 8, 3, 4200000, N'da thu', NULL)
INSERT [dbo].[DKHP] ([MASV], [MALHP], [DIEMTKY], [DIEMGK], [DIEMCK], [DIEMTBHE10], [DIEMTBHE4], [HOCPHI], [TTRANGHP], [GHICHU]) VALUES (N'20084', N'300001', 50, 40, 60, 5, 3, 4200000, N'da thu', NULL)
INSERT [dbo].[DKHP] ([MASV], [MALHP], [DIEMTKY], [DIEMGK], [DIEMCK], [DIEMTBHE10], [DIEMTBHE4], [HOCPHI], [TTRANGHP], [GHICHU]) VALUES (N'20084', N'300006', 100, 90, 100, 10, 4, 5000000, N'da thu', NULL)
INSERT [dbo].[DKHP] ([MASV], [MALHP], [DIEMTKY], [DIEMGK], [DIEMCK], [DIEMTBHE10], [DIEMTBHE4], [HOCPHI], [TTRANGHP], [GHICHU]) VALUES (N'20084', N'300009', 90, 80, 70, 7, 3, 4200000, N'da thu', NULL)
INSERT [dbo].[DKHP] ([MASV], [MALHP], [DIEMTKY], [DIEMGK], [DIEMCK], [DIEMTBHE10], [DIEMTBHE4], [HOCPHI], [TTRANGHP], [GHICHU]) VALUES (N'20084', N'300013', 80, 70, 80, 8, 3, 4200000, N'da thu', NULL)
INSERT [dbo].[DKHP] ([MASV], [MALHP], [DIEMTKY], [DIEMGK], [DIEMCK], [DIEMTBHE10], [DIEMTBHE4], [HOCPHI], [TTRANGHP], [GHICHU]) VALUES (N'20085', N'300004', 70, 80, 80, 8, 3, 0, N'da thu', NULL)
INSERT [dbo].[DKHP] ([MASV], [MALHP], [DIEMTKY], [DIEMGK], [DIEMCK], [DIEMTBHE10], [DIEMTBHE4], [HOCPHI], [TTRANGHP], [GHICHU]) VALUES (N'20085', N'300006', 70, 70, 80, 7, 3, 0, N'da thu', NULL)
INSERT [dbo].[DKHP] ([MASV], [MALHP], [DIEMTKY], [DIEMGK], [DIEMCK], [DIEMTBHE10], [DIEMTBHE4], [HOCPHI], [TTRANGHP], [GHICHU]) VALUES (N'20085', N'300009', 95, 100, 100, 10, 4, 0, N'da thu', NULL)
INSERT [dbo].[DKHP] ([MASV], [MALHP], [DIEMTKY], [DIEMGK], [DIEMCK], [DIEMTBHE10], [DIEMTBHE4], [HOCPHI], [TTRANGHP], [GHICHU]) VALUES (N'20085', N'300013', 85, 75, 80, 8, 3, 0, N'da thu', NULL)
INSERT [dbo].[DKHP] ([MASV], [MALHP], [DIEMTKY], [DIEMGK], [DIEMCK], [DIEMTBHE10], [DIEMTBHE4], [HOCPHI], [TTRANGHP], [GHICHU]) VALUES (N'20086', N'300001', 75, 80, 80, 8, 3, 0, N'da thu', NULL)
INSERT [dbo].[DKHP] ([MASV], [MALHP], [DIEMTKY], [DIEMGK], [DIEMCK], [DIEMTBHE10], [DIEMTBHE4], [HOCPHI], [TTRANGHP], [GHICHU]) VALUES (N'20086', N'300005', 70, 80, 80, 7, 3, 0, N'da thu', NULL)
INSERT [dbo].[DKHP] ([MASV], [MALHP], [DIEMTKY], [DIEMGK], [DIEMCK], [DIEMTBHE10], [DIEMTBHE4], [HOCPHI], [TTRANGHP], [GHICHU]) VALUES (N'20086', N'300008', 50, 55, 50, 5, 2, 0, N'da thu', NULL)
INSERT [dbo].[DKHP] ([MASV], [MALHP], [DIEMTKY], [DIEMGK], [DIEMCK], [DIEMTBHE10], [DIEMTBHE4], [HOCPHI], [TTRANGHP], [GHICHU]) VALUES (N'20086', N'300013', 70, 80, 80, 8, 3, 0, N'da thu', NULL)
INSERT [dbo].[DKHP] ([MASV], [MALHP], [DIEMTKY], [DIEMGK], [DIEMCK], [DIEMTBHE10], [DIEMTBHE4], [HOCPHI], [TTRANGHP], [GHICHU]) VALUES (N'20087', N'300004', 80, 80, 80, 8, 3, 4200000, N'da thu', NULL)
INSERT [dbo].[DKHP] ([MASV], [MALHP], [DIEMTKY], [DIEMGK], [DIEMCK], [DIEMTBHE10], [DIEMTBHE4], [HOCPHI], [TTRANGHP], [GHICHU]) VALUES (N'20087', N'300008', 70, 80, 70, 7, 3, 5000000, N'da thu', NULL)
INSERT [dbo].[DKHP] ([MASV], [MALHP], [DIEMTKY], [DIEMGK], [DIEMCK], [DIEMTBHE10], [DIEMTBHE4], [HOCPHI], [TTRANGHP], [GHICHU]) VALUES (N'20087', N'300010', 50, 60, 50, 5, 2, 4200000, N'da thu', NULL)
INSERT [dbo].[DKHP] ([MASV], [MALHP], [DIEMTKY], [DIEMGK], [DIEMCK], [DIEMTBHE10], [DIEMTBHE4], [HOCPHI], [TTRANGHP], [GHICHU]) VALUES (N'20087', N'300013', 45, 45, 55, 5, 2, 4200000, N'da thu', NULL)
INSERT [dbo].[DKHP] ([MASV], [MALHP], [DIEMTKY], [DIEMGK], [DIEMCK], [DIEMTBHE10], [DIEMTBHE4], [HOCPHI], [TTRANGHP], [GHICHU]) VALUES (N'20088', N'300001', 100, 100, 100, 10, 4, 4200000, N'da thu', NULL)
INSERT [dbo].[DKHP] ([MASV], [MALHP], [DIEMTKY], [DIEMGK], [DIEMCK], [DIEMTBHE10], [DIEMTBHE4], [HOCPHI], [TTRANGHP], [GHICHU]) VALUES (N'20088', N'300004', 80, 70, 80, 8, 3, 4200000, N'da thu', NULL)
INSERT [dbo].[DKHP] ([MASV], [MALHP], [DIEMTKY], [DIEMGK], [DIEMCK], [DIEMTBHE10], [DIEMTBHE4], [HOCPHI], [TTRANGHP], [GHICHU]) VALUES (N'20088', N'300008', 60, 80, 80, 8, 3, 5000000, N'da thu', NULL)
INSERT [dbo].[DKHP] ([MASV], [MALHP], [DIEMTKY], [DIEMGK], [DIEMCK], [DIEMTBHE10], [DIEMTBHE4], [HOCPHI], [TTRANGHP], [GHICHU]) VALUES (N'20088', N'300012', 70, 60, 80, 7, 3, 4200000, N'da thu', NULL)
INSERT [dbo].[DKHP] ([MASV], [MALHP], [DIEMTKY], [DIEMGK], [DIEMCK], [DIEMTBHE10], [DIEMTBHE4], [HOCPHI], [TTRANGHP], [GHICHU]) VALUES (N'20089', N'300001', 75, 80, 80, 8, 3, 4200000, N'da thu', NULL)
INSERT [dbo].[DKHP] ([MASV], [MALHP], [DIEMTKY], [DIEMGK], [DIEMCK], [DIEMTBHE10], [DIEMTBHE4], [HOCPHI], [TTRANGHP], [GHICHU]) VALUES (N'20089', N'300004', 80, 80, 80, 8, 3, 4200000, N'da thu', NULL)
INSERT [dbo].[DKHP] ([MASV], [MALHP], [DIEMTKY], [DIEMGK], [DIEMCK], [DIEMTBHE10], [DIEMTBHE4], [HOCPHI], [TTRANGHP], [GHICHU]) VALUES (N'20089', N'300006', 65, 80, 70, 7, 3, 5000000, N'da thu', NULL)
INSERT [dbo].[DKHP] ([MASV], [MALHP], [DIEMTKY], [DIEMGK], [DIEMCK], [DIEMTBHE10], [DIEMTBHE4], [HOCPHI], [TTRANGHP], [GHICHU]) VALUES (N'20089', N'300010', 50, 60, 50, 5, 2, 4200000, N'da thu', NULL)
INSERT [dbo].[DKHP] ([MASV], [MALHP], [DIEMTKY], [DIEMGK], [DIEMCK], [DIEMTBHE10], [DIEMTBHE4], [HOCPHI], [TTRANGHP], [GHICHU]) VALUES (N'20090', N'300001', 55, 55, 55, 5, 2, 4200000, N'da thu', NULL)
INSERT [dbo].[DKHP] ([MASV], [MALHP], [DIEMTKY], [DIEMGK], [DIEMCK], [DIEMTBHE10], [DIEMTBHE4], [HOCPHI], [TTRANGHP], [GHICHU]) VALUES (N'20090', N'300006', 100, 100, 100, 10, 4, 5000000, N'da thu', NULL)
INSERT [dbo].[DKHP] ([MASV], [MALHP], [DIEMTKY], [DIEMGK], [DIEMCK], [DIEMTBHE10], [DIEMTBHE4], [HOCPHI], [TTRANGHP], [GHICHU]) VALUES (N'20090', N'300007', 60, 60, 40, 5, 3, 5000000, N'da thu', NULL)
INSERT [dbo].[DKHP] ([MASV], [MALHP], [DIEMTKY], [DIEMGK], [DIEMCK], [DIEMTBHE10], [DIEMTBHE4], [HOCPHI], [TTRANGHP], [GHICHU]) VALUES (N'20090', N'300010', 23, 32, 60, 5, 2, 4200000, N'da thu', NULL)
INSERT [dbo].[DKHP] ([MASV], [MALHP], [DIEMTKY], [DIEMGK], [DIEMCK], [DIEMTBHE10], [DIEMTBHE4], [HOCPHI], [TTRANGHP], [GHICHU]) VALUES (N'20091', N'300001', 75, 90, 100, 9, 4, 4200000, N'da thu', NULL)
INSERT [dbo].[DKHP] ([MASV], [MALHP], [DIEMTKY], [DIEMGK], [DIEMCK], [DIEMTBHE10], [DIEMTBHE4], [HOCPHI], [TTRANGHP], [GHICHU]) VALUES (N'20091', N'300009', 90, 90, 90, 9, 4, 4200000, N'da thu', NULL)
INSERT [dbo].[DKHP] ([MASV], [MALHP], [DIEMTKY], [DIEMGK], [DIEMCK], [DIEMTBHE10], [DIEMTBHE4], [HOCPHI], [TTRANGHP], [GHICHU]) VALUES (N'20091', N'300012', 50, 45, 63, 5, 2, 4200000, N'da thu', NULL)
INSERT [dbo].[DKHP] ([MASV], [MALHP], [DIEMTKY], [DIEMGK], [DIEMCK], [DIEMTBHE10], [DIEMTBHE4], [HOCPHI], [TTRANGHP], [GHICHU]) VALUES (N'20091', N'300013', 75, 66, 90, 8, 3, 4200000, N'da thu', NULL)
INSERT [dbo].[DKHP] ([MASV], [MALHP], [DIEMTKY], [DIEMGK], [DIEMCK], [DIEMTBHE10], [DIEMTBHE4], [HOCPHI], [TTRANGHP], [GHICHU]) VALUES (N'20092', N'300001', 70, 86, 85, 8, 3, 4200000, N'da thu', NULL)
INSERT [dbo].[DKHP] ([MASV], [MALHP], [DIEMTKY], [DIEMGK], [DIEMCK], [DIEMTBHE10], [DIEMTBHE4], [HOCPHI], [TTRANGHP], [GHICHU]) VALUES (N'20092', N'300009', 95, 95, 96, 9, 4, 4200000, N'da thu', NULL)
INSERT [dbo].[DKHP] ([MASV], [MALHP], [DIEMTKY], [DIEMGK], [DIEMCK], [DIEMTBHE10], [DIEMTBHE4], [HOCPHI], [TTRANGHP], [GHICHU]) VALUES (N'20092', N'300012', 30, 30, 70, 5, 2, 4200000, N'da thu', NULL)
INSERT [dbo].[DKHP] ([MASV], [MALHP], [DIEMTKY], [DIEMGK], [DIEMCK], [DIEMTBHE10], [DIEMTBHE4], [HOCPHI], [TTRANGHP], [GHICHU]) VALUES (N'20092', N'300013', 65, 66, 90, 7, 3, 4200000, N'da thu', NULL)
INSERT [dbo].[DKHP] ([MASV], [MALHP], [DIEMTKY], [DIEMGK], [DIEMCK], [DIEMTBHE10], [DIEMTBHE4], [HOCPHI], [TTRANGHP], [GHICHU]) VALUES (N'20093', N'300001', 55, 55, 55, 5, 2, 4200000, N'da thu', NULL)
INSERT [dbo].[DKHP] ([MASV], [MALHP], [DIEMTKY], [DIEMGK], [DIEMCK], [DIEMTBHE10], [DIEMTBHE4], [HOCPHI], [TTRANGHP], [GHICHU]) VALUES (N'20093', N'300006', 100, 100, 100, 10, 4, 5000000, N'da thu', NULL)
INSERT [dbo].[DKHP] ([MASV], [MALHP], [DIEMTKY], [DIEMGK], [DIEMCK], [DIEMTBHE10], [DIEMTBHE4], [HOCPHI], [TTRANGHP], [GHICHU]) VALUES (N'20093', N'300007', 60, 60, 40, 5, 3, 5000000, N'da thu', NULL)
INSERT [dbo].[DKHP] ([MASV], [MALHP], [DIEMTKY], [DIEMGK], [DIEMCK], [DIEMTBHE10], [DIEMTBHE4], [HOCPHI], [TTRANGHP], [GHICHU]) VALUES (N'20093', N'300010', 23, 32, 60, 5, 2, 4200000, N'da thu', NULL)
INSERT [dbo].[DKHP] ([MASV], [MALHP], [DIEMTKY], [DIEMGK], [DIEMCK], [DIEMTBHE10], [DIEMTBHE4], [HOCPHI], [TTRANGHP], [GHICHU]) VALUES (N'20094', N'300001', 50, 50, 50, 5, 2, 4200000, N'da thu', NULL)
INSERT [dbo].[DKHP] ([MASV], [MALHP], [DIEMTKY], [DIEMGK], [DIEMCK], [DIEMTBHE10], [DIEMTBHE4], [HOCPHI], [TTRANGHP], [GHICHU]) VALUES (N'20094', N'300002', 60, 60, 60, 6, 3, 5000000, N'da thu', NULL)
GO
INSERT [dbo].[DKHP] ([MASV], [MALHP], [DIEMTKY], [DIEMGK], [DIEMCK], [DIEMTBHE10], [DIEMTBHE4], [HOCPHI], [TTRANGHP], [GHICHU]) VALUES (N'20094', N'300005', 70, 70, 70, 7, 3, 4200000, N'da thu', NULL)
INSERT [dbo].[DKHP] ([MASV], [MALHP], [DIEMTKY], [DIEMGK], [DIEMCK], [DIEMTBHE10], [DIEMTBHE4], [HOCPHI], [TTRANGHP], [GHICHU]) VALUES (N'20094', N'300010', 13, 10, 42, 4, 2, 4200000, N'da thu', NULL)
INSERT [dbo].[DKHP] ([MASV], [MALHP], [DIEMTKY], [DIEMGK], [DIEMCK], [DIEMTBHE10], [DIEMTBHE4], [HOCPHI], [TTRANGHP], [GHICHU]) VALUES (N'20094', N'300013', 94, 93, 90, 9, 3, 4200000, N'da thu', NULL)
INSERT [dbo].[DKHP] ([MASV], [MALHP], [DIEMTKY], [DIEMGK], [DIEMCK], [DIEMTBHE10], [DIEMTBHE4], [HOCPHI], [TTRANGHP], [GHICHU]) VALUES (N'20095', N'300004', 55, 55, 55, 5, 2, 4200000, N'da thu', NULL)
INSERT [dbo].[DKHP] ([MASV], [MALHP], [DIEMTKY], [DIEMGK], [DIEMCK], [DIEMTBHE10], [DIEMTBHE4], [HOCPHI], [TTRANGHP], [GHICHU]) VALUES (N'20095', N'300008', 100, 100, 100, 10, 4, 5000000, N'da thu', NULL)
INSERT [dbo].[DKHP] ([MASV], [MALHP], [DIEMTKY], [DIEMGK], [DIEMCK], [DIEMTBHE10], [DIEMTBHE4], [HOCPHI], [TTRANGHP], [GHICHU]) VALUES (N'20095', N'300009', 23, 32, 60, 5, 2, 4200000, N'da thu', NULL)
INSERT [dbo].[DKHP] ([MASV], [MALHP], [DIEMTKY], [DIEMGK], [DIEMCK], [DIEMTBHE10], [DIEMTBHE4], [HOCPHI], [TTRANGHP], [GHICHU]) VALUES (N'20095', N'300013', 60, 60, 40, 5, 3, 4200000, N'da thu', NULL)
INSERT [dbo].[DKHP] ([MASV], [MALHP], [DIEMTKY], [DIEMGK], [DIEMCK], [DIEMTBHE10], [DIEMTBHE4], [HOCPHI], [TTRANGHP], [GHICHU]) VALUES (N'20096', N'300004', 55, 55, 55, 5, 2, 4200000, N'da thu', NULL)
INSERT [dbo].[DKHP] ([MASV], [MALHP], [DIEMTKY], [DIEMGK], [DIEMCK], [DIEMTBHE10], [DIEMTBHE4], [HOCPHI], [TTRANGHP], [GHICHU]) VALUES (N'20096', N'300005', 23, 32, 60, 5, 2, 4200000, N'da thu', NULL)
INSERT [dbo].[DKHP] ([MASV], [MALHP], [DIEMTKY], [DIEMGK], [DIEMCK], [DIEMTBHE10], [DIEMTBHE4], [HOCPHI], [TTRANGHP], [GHICHU]) VALUES (N'20096', N'300008', 100, 100, 100, 10, 4, 5000000, N'da thu', NULL)
INSERT [dbo].[DKHP] ([MASV], [MALHP], [DIEMTKY], [DIEMGK], [DIEMCK], [DIEMTBHE10], [DIEMTBHE4], [HOCPHI], [TTRANGHP], [GHICHU]) VALUES (N'20096', N'300011', 60, 60, 40, 5, 3, 4200000, N'da thu', NULL)
INSERT [dbo].[DKHP] ([MASV], [MALHP], [DIEMTKY], [DIEMGK], [DIEMCK], [DIEMTBHE10], [DIEMTBHE4], [HOCPHI], [TTRANGHP], [GHICHU]) VALUES (N'20097', N'300001', 100, 100, 100, 10, 4, 4200000, N'da thu', NULL)
INSERT [dbo].[DKHP] ([MASV], [MALHP], [DIEMTKY], [DIEMGK], [DIEMCK], [DIEMTBHE10], [DIEMTBHE4], [HOCPHI], [TTRANGHP], [GHICHU]) VALUES (N'20097', N'300002', 55, 55, 55, 5, 2, 5000000, N'da thu', NULL)
INSERT [dbo].[DKHP] ([MASV], [MALHP], [DIEMTKY], [DIEMGK], [DIEMCK], [DIEMTBHE10], [DIEMTBHE4], [HOCPHI], [TTRANGHP], [GHICHU]) VALUES (N'20097', N'300008', 23, 32, 60, 5, 2, 5000000, N'da thu', NULL)
INSERT [dbo].[DKHP] ([MASV], [MALHP], [DIEMTKY], [DIEMGK], [DIEMCK], [DIEMTBHE10], [DIEMTBHE4], [HOCPHI], [TTRANGHP], [GHICHU]) VALUES (N'20097', N'300013', 60, 60, 40, 5, 3, 4200000, N'da thu', NULL)
INSERT [dbo].[DKHP] ([MASV], [MALHP], [DIEMTKY], [DIEMGK], [DIEMCK], [DIEMTBHE10], [DIEMTBHE4], [HOCPHI], [TTRANGHP], [GHICHU]) VALUES (N'20098', N'300004', 55, 55, 55, 5, 2, 4200000, N'da thu', NULL)
INSERT [dbo].[DKHP] ([MASV], [MALHP], [DIEMTKY], [DIEMGK], [DIEMCK], [DIEMTBHE10], [DIEMTBHE4], [HOCPHI], [TTRANGHP], [GHICHU]) VALUES (N'20098', N'300008', 100, 100, 100, 10, 4, 5000000, N'da thu', NULL)
INSERT [dbo].[DKHP] ([MASV], [MALHP], [DIEMTKY], [DIEMGK], [DIEMCK], [DIEMTBHE10], [DIEMTBHE4], [HOCPHI], [TTRANGHP], [GHICHU]) VALUES (N'20098', N'300009', 23, 32, 60, 8, 3, 4200000, N'da thu', NULL)
INSERT [dbo].[DKHP] ([MASV], [MALHP], [DIEMTKY], [DIEMGK], [DIEMCK], [DIEMTBHE10], [DIEMTBHE4], [HOCPHI], [TTRANGHP], [GHICHU]) VALUES (N'20098', N'300013', 66, 66, 33, 5, 2, 4200000, N'da thu', NULL)
INSERT [dbo].[DKHP] ([MASV], [MALHP], [DIEMTKY], [DIEMGK], [DIEMCK], [DIEMTBHE10], [DIEMTBHE4], [HOCPHI], [TTRANGHP], [GHICHU]) VALUES (N'20099', N'300001', 55, 55, 55, 5, 2, 4200000, N'da thu', NULL)
INSERT [dbo].[DKHP] ([MASV], [MALHP], [DIEMTKY], [DIEMGK], [DIEMCK], [DIEMTBHE10], [DIEMTBHE4], [HOCPHI], [TTRANGHP], [GHICHU]) VALUES (N'20099', N'300002', 66, 66, 33, 5, 2, 5000000, N'da thu', NULL)
INSERT [dbo].[DKHP] ([MASV], [MALHP], [DIEMTKY], [DIEMGK], [DIEMCK], [DIEMTBHE10], [DIEMTBHE4], [HOCPHI], [TTRANGHP], [GHICHU]) VALUES (N'20099', N'300010', 100, 100, 100, 10, 4, 4200000, N'da thu', NULL)
INSERT [dbo].[DKHP] ([MASV], [MALHP], [DIEMTKY], [DIEMGK], [DIEMCK], [DIEMTBHE10], [DIEMTBHE4], [HOCPHI], [TTRANGHP], [GHICHU]) VALUES (N'20099', N'300011', 23, 32, 60, 8, 3, 4200000, N'da thu', NULL)
INSERT [dbo].[DKHP] ([MASV], [MALHP], [DIEMTKY], [DIEMGK], [DIEMCK], [DIEMTBHE10], [DIEMTBHE4], [HOCPHI], [TTRANGHP], [GHICHU]) VALUES (N'20100', N'300001', 55, 55, 55, 5, 2, 4200000, N'da thu', NULL)
INSERT [dbo].[DKHP] ([MASV], [MALHP], [DIEMTKY], [DIEMGK], [DIEMCK], [DIEMTBHE10], [DIEMTBHE4], [HOCPHI], [TTRANGHP], [GHICHU]) VALUES (N'20100', N'300002', 66, 66, 33, 5, 2, 5000000, N'da thu', NULL)
INSERT [dbo].[DKHP] ([MASV], [MALHP], [DIEMTKY], [DIEMGK], [DIEMCK], [DIEMTBHE10], [DIEMTBHE4], [HOCPHI], [TTRANGHP], [GHICHU]) VALUES (N'20100', N'300010', 100, 100, 100, 10, 4, 4200000, N'da thu', NULL)
INSERT [dbo].[DKHP] ([MASV], [MALHP], [DIEMTKY], [DIEMGK], [DIEMCK], [DIEMTBHE10], [DIEMTBHE4], [HOCPHI], [TTRANGHP], [GHICHU]) VALUES (N'20100', N'300011', 23, 32, 60, 8, 3, 4200000, N'da thu', NULL)
INSERT [dbo].[DKHP] ([MASV], [MALHP], [DIEMTKY], [DIEMGK], [DIEMCK], [DIEMTBHE10], [DIEMTBHE4], [HOCPHI], [TTRANGHP], [GHICHU]) VALUES (N'20101', N'300001', 55, 55, 55, 5, 2, 4200000, N'da thu', NULL)
INSERT [dbo].[DKHP] ([MASV], [MALHP], [DIEMTKY], [DIEMGK], [DIEMCK], [DIEMTBHE10], [DIEMTBHE4], [HOCPHI], [TTRANGHP], [GHICHU]) VALUES (N'20101', N'300002', 66, 66, 33, 5, 2, 5000000, N'da thu', NULL)
INSERT [dbo].[DKHP] ([MASV], [MALHP], [DIEMTKY], [DIEMGK], [DIEMCK], [DIEMTBHE10], [DIEMTBHE4], [HOCPHI], [TTRANGHP], [GHICHU]) VALUES (N'20101', N'300010', 100, 100, 100, 10, 4, 4200000, N'da thu', NULL)
INSERT [dbo].[DKHP] ([MASV], [MALHP], [DIEMTKY], [DIEMGK], [DIEMCK], [DIEMTBHE10], [DIEMTBHE4], [HOCPHI], [TTRANGHP], [GHICHU]) VALUES (N'20101', N'300011', 23, 32, 60, 8, 3, 4200000, N'da thu', NULL)
INSERT [dbo].[DKHP] ([MASV], [MALHP], [DIEMTKY], [DIEMGK], [DIEMCK], [DIEMTBHE10], [DIEMTBHE4], [HOCPHI], [TTRANGHP], [GHICHU]) VALUES (N'20102', N'300004', 40, 40, 40, 4, 2, 4200000, N'da thu', NULL)
INSERT [dbo].[DKHP] ([MASV], [MALHP], [DIEMTKY], [DIEMGK], [DIEMCK], [DIEMTBHE10], [DIEMTBHE4], [HOCPHI], [TTRANGHP], [GHICHU]) VALUES (N'20102', N'300008', 60, 60, 60, 6, 2, 5000000, N'da thu', NULL)
INSERT [dbo].[DKHP] ([MASV], [MALHP], [DIEMTKY], [DIEMGK], [DIEMCK], [DIEMTBHE10], [DIEMTBHE4], [HOCPHI], [TTRANGHP], [GHICHU]) VALUES (N'20102', N'300012', 70, 70, 70, 7, 3, 4200000, N'da thu', NULL)
INSERT [dbo].[DKHP] ([MASV], [MALHP], [DIEMTKY], [DIEMGK], [DIEMCK], [DIEMTBHE10], [DIEMTBHE4], [HOCPHI], [TTRANGHP], [GHICHU]) VALUES (N'20102', N'300013', 80, 80, 80, 8, 3, 4200000, N'da thu', NULL)
INSERT [dbo].[DKHP] ([MASV], [MALHP], [DIEMTKY], [DIEMGK], [DIEMCK], [DIEMTBHE10], [DIEMTBHE4], [HOCPHI], [TTRANGHP], [GHICHU]) VALUES (N'20103', N'300004', 44, 70, 70, 6, 2, 4200000, N'da thu', NULL)
INSERT [dbo].[DKHP] ([MASV], [MALHP], [DIEMTKY], [DIEMGK], [DIEMCK], [DIEMTBHE10], [DIEMTBHE4], [HOCPHI], [TTRANGHP], [GHICHU]) VALUES (N'20103', N'300008', 70, 76, 75, 7, 3, 5000000, N'da thu', NULL)
INSERT [dbo].[DKHP] ([MASV], [MALHP], [DIEMTKY], [DIEMGK], [DIEMCK], [DIEMTBHE10], [DIEMTBHE4], [HOCPHI], [TTRANGHP], [GHICHU]) VALUES (N'20103', N'300012', 90, 84, 98, 9, 4, 4200000, N'da thu', NULL)
INSERT [dbo].[DKHP] ([MASV], [MALHP], [DIEMTKY], [DIEMGK], [DIEMCK], [DIEMTBHE10], [DIEMTBHE4], [HOCPHI], [TTRANGHP], [GHICHU]) VALUES (N'20103', N'300013', 22, 90, 90, 8, 3, 4200000, N'da thu', NULL)
INSERT [dbo].[DKHP] ([MASV], [MALHP], [DIEMTKY], [DIEMGK], [DIEMCK], [DIEMTBHE10], [DIEMTBHE4], [HOCPHI], [TTRANGHP], [GHICHU]) VALUES (N'20104', N'300004', 33, 33, 80, 6, 2, 4200000, N'da thu', NULL)
INSERT [dbo].[DKHP] ([MASV], [MALHP], [DIEMTKY], [DIEMGK], [DIEMCK], [DIEMTBHE10], [DIEMTBHE4], [HOCPHI], [TTRANGHP], [GHICHU]) VALUES (N'20104', N'300008', 25, 25, 70, 5, 2, 5000000, N'da thu', NULL)
INSERT [dbo].[DKHP] ([MASV], [MALHP], [DIEMTKY], [DIEMGK], [DIEMCK], [DIEMTBHE10], [DIEMTBHE4], [HOCPHI], [TTRANGHP], [GHICHU]) VALUES (N'20104', N'300012', 60, 55, 45, 5, 2, 4200000, N'da thu', NULL)
INSERT [dbo].[DKHP] ([MASV], [MALHP], [DIEMTKY], [DIEMGK], [DIEMCK], [DIEMTBHE10], [DIEMTBHE4], [HOCPHI], [TTRANGHP], [GHICHU]) VALUES (N'20104', N'300013', 56, 55, 44, 5, 2, 4200000, N'da thu', NULL)
INSERT [dbo].[DKHP] ([MASV], [MALHP], [DIEMTKY], [DIEMGK], [DIEMCK], [DIEMTBHE10], [DIEMTBHE4], [HOCPHI], [TTRANGHP], [GHICHU]) VALUES (N'20105', N'300004', 76, 67, 77, 8, 3, 4200000, N'da thu', NULL)
INSERT [dbo].[DKHP] ([MASV], [MALHP], [DIEMTKY], [DIEMGK], [DIEMCK], [DIEMTBHE10], [DIEMTBHE4], [HOCPHI], [TTRANGHP], [GHICHU]) VALUES (N'20105', N'300008', 80, 74, 73, 9, 4, 5000000, N'da thu', NULL)
INSERT [dbo].[DKHP] ([MASV], [MALHP], [DIEMTKY], [DIEMGK], [DIEMCK], [DIEMTBHE10], [DIEMTBHE4], [HOCPHI], [TTRANGHP], [GHICHU]) VALUES (N'20105', N'300012', 75, 75, 75, 8, 3, 4200000, N'da thu', NULL)
INSERT [dbo].[DKHP] ([MASV], [MALHP], [DIEMTKY], [DIEMGK], [DIEMCK], [DIEMTBHE10], [DIEMTBHE4], [HOCPHI], [TTRANGHP], [GHICHU]) VALUES (N'20105', N'300013', 70, 70, 70, 7, 3, 4200000, N'da thu', NULL)
INSERT [dbo].[DKHP] ([MASV], [MALHP], [DIEMTKY], [DIEMGK], [DIEMCK], [DIEMTBHE10], [DIEMTBHE4], [HOCPHI], [TTRANGHP], [GHICHU]) VALUES (N'20106', N'300004', 80, 70, 80, 8, 3, 4200000, N'da thu', NULL)
INSERT [dbo].[DKHP] ([MASV], [MALHP], [DIEMTKY], [DIEMGK], [DIEMCK], [DIEMTBHE10], [DIEMTBHE4], [HOCPHI], [TTRANGHP], [GHICHU]) VALUES (N'20106', N'300005', 75, 65, 50, 6, 3, 4200000, N'da thu', NULL)
INSERT [dbo].[DKHP] ([MASV], [MALHP], [DIEMTKY], [DIEMGK], [DIEMCK], [DIEMTBHE10], [DIEMTBHE4], [HOCPHI], [TTRANGHP], [GHICHU]) VALUES (N'20106', N'300009', 80, 60, 45, 7, 3, 4200000, N'da thu', NULL)
INSERT [dbo].[DKHP] ([MASV], [MALHP], [DIEMTKY], [DIEMGK], [DIEMCK], [DIEMTBHE10], [DIEMTBHE4], [HOCPHI], [TTRANGHP], [GHICHU]) VALUES (N'20106', N'300010', 70, 65, 55, 6, 3, 4200000, N'da thu', NULL)
INSERT [dbo].[DKHP] ([MASV], [MALHP], [DIEMTKY], [DIEMGK], [DIEMCK], [DIEMTBHE10], [DIEMTBHE4], [HOCPHI], [TTRANGHP], [GHICHU]) VALUES (N'20107', N'300001', 45, 60, 80, 7, 3, 4200000, N'da thu', NULL)
INSERT [dbo].[DKHP] ([MASV], [MALHP], [DIEMTKY], [DIEMGK], [DIEMCK], [DIEMTBHE10], [DIEMTBHE4], [HOCPHI], [TTRANGHP], [GHICHU]) VALUES (N'20107', N'300002', 50, 60, 40, 5, 2, 5000000, N'da thu', NULL)
INSERT [dbo].[DKHP] ([MASV], [MALHP], [DIEMTKY], [DIEMGK], [DIEMCK], [DIEMTBHE10], [DIEMTBHE4], [HOCPHI], [TTRANGHP], [GHICHU]) VALUES (N'20107', N'300004', 60, 60, 50, 6, 3, 4200000, N'da thu', NULL)
INSERT [dbo].[DKHP] ([MASV], [MALHP], [DIEMTKY], [DIEMGK], [DIEMCK], [DIEMTBHE10], [DIEMTBHE4], [HOCPHI], [TTRANGHP], [GHICHU]) VALUES (N'20108', N'300002', 70, 60, 50, 5, 2, 5000000, N'da thu', NULL)
INSERT [dbo].[DKHP] ([MASV], [MALHP], [DIEMTKY], [DIEMGK], [DIEMCK], [DIEMTBHE10], [DIEMTBHE4], [HOCPHI], [TTRANGHP], [GHICHU]) VALUES (N'20108', N'300007', 40, 60, 60, 6, 3, 5000000, N'da thu', NULL)
INSERT [dbo].[DKHP] ([MASV], [MALHP], [DIEMTKY], [DIEMGK], [DIEMCK], [DIEMTBHE10], [DIEMTBHE4], [HOCPHI], [TTRANGHP], [GHICHU]) VALUES (N'20108', N'300010', 55, 60, 50, 6, 3, 4200000, N'da thu', NULL)
INSERT [dbo].[DKHP] ([MASV], [MALHP], [DIEMTKY], [DIEMGK], [DIEMCK], [DIEMTBHE10], [DIEMTBHE4], [HOCPHI], [TTRANGHP], [GHICHU]) VALUES (N'20108', N'300013', 80, 60, 70, 7, 3, 4200000, N'da thu', NULL)
INSERT [dbo].[DKHP] ([MASV], [MALHP], [DIEMTKY], [DIEMGK], [DIEMCK], [DIEMTBHE10], [DIEMTBHE4], [HOCPHI], [TTRANGHP], [GHICHU]) VALUES (N'20109', N'300001', 70, 60, 40, 6, 3, 4200000, N'da thu', NULL)
INSERT [dbo].[DKHP] ([MASV], [MALHP], [DIEMTKY], [DIEMGK], [DIEMCK], [DIEMTBHE10], [DIEMTBHE4], [HOCPHI], [TTRANGHP], [GHICHU]) VALUES (N'20109', N'300004', 80, 70, 90, 7, 3, 4200000, N'da thu', NULL)
INSERT [dbo].[DKHP] ([MASV], [MALHP], [DIEMTKY], [DIEMGK], [DIEMCK], [DIEMTBHE10], [DIEMTBHE4], [HOCPHI], [TTRANGHP], [GHICHU]) VALUES (N'20109', N'300005', 90, 70, 70, 7, 3, 4200000, N'da thu', NULL)
INSERT [dbo].[DKHP] ([MASV], [MALHP], [DIEMTKY], [DIEMGK], [DIEMCK], [DIEMTBHE10], [DIEMTBHE4], [HOCPHI], [TTRANGHP], [GHICHU]) VALUES (N'20109', N'300009', 60, 50, 60, 6, 3, 4200000, N'da thu', NULL)
INSERT [dbo].[DKHP] ([MASV], [MALHP], [DIEMTKY], [DIEMGK], [DIEMCK], [DIEMTBHE10], [DIEMTBHE4], [HOCPHI], [TTRANGHP], [GHICHU]) VALUES (N'20110', N'300001', 50, 40, 60, 8, 3, 4200000, N'da thu', NULL)
INSERT [dbo].[DKHP] ([MASV], [MALHP], [DIEMTKY], [DIEMGK], [DIEMCK], [DIEMTBHE10], [DIEMTBHE4], [HOCPHI], [TTRANGHP], [GHICHU]) VALUES (N'20110', N'300004', 50, 70, 50, 6, 3, 4200000, N'da thu', NULL)
INSERT [dbo].[DKHP] ([MASV], [MALHP], [DIEMTKY], [DIEMGK], [DIEMCK], [DIEMTBHE10], [DIEMTBHE4], [HOCPHI], [TTRANGHP], [GHICHU]) VALUES (N'20110', N'300006', 50, 60, 70, 6, 3, 5000000, N'da thu', NULL)
INSERT [dbo].[DKHP] ([MASV], [MALHP], [DIEMTKY], [DIEMGK], [DIEMCK], [DIEMTBHE10], [DIEMTBHE4], [HOCPHI], [TTRANGHP], [GHICHU]) VALUES (N'20110', N'300013', 40, 60, 60, 4, 2, 4200000, N'da thu', NULL)
INSERT [dbo].[DKHP] ([MASV], [MALHP], [DIEMTKY], [DIEMGK], [DIEMCK], [DIEMTBHE10], [DIEMTBHE4], [HOCPHI], [TTRANGHP], [GHICHU]) VALUES (N'20111', N'300001', 70, 85, 70, 9, 4, 4200000, N'da thu', NULL)
INSERT [dbo].[DKHP] ([MASV], [MALHP], [DIEMTKY], [DIEMGK], [DIEMCK], [DIEMTBHE10], [DIEMTBHE4], [HOCPHI], [TTRANGHP], [GHICHU]) VALUES (N'20111', N'300002', 65, 60, 5, 6, 3, 5000000, N'da thu', NULL)
INSERT [dbo].[DKHP] ([MASV], [MALHP], [DIEMTKY], [DIEMGK], [DIEMCK], [DIEMTBHE10], [DIEMTBHE4], [HOCPHI], [TTRANGHP], [GHICHU]) VALUES (N'20111', N'300009', 30, 60, 40, 6, 3, 4200000, N'da thu', NULL)
INSERT [dbo].[DKHP] ([MASV], [MALHP], [DIEMTKY], [DIEMGK], [DIEMCK], [DIEMTBHE10], [DIEMTBHE4], [HOCPHI], [TTRANGHP], [GHICHU]) VALUES (N'20111', N'300011', 70, 50, 60, 4, 2, 4200000, N'da thu', NULL)
INSERT [dbo].[DKHP] ([MASV], [MALHP], [DIEMTKY], [DIEMGK], [DIEMCK], [DIEMTBHE10], [DIEMTBHE4], [HOCPHI], [TTRANGHP], [GHICHU]) VALUES (N'20112', N'300005', 75, 85, 70, 8, 3, 4200000, N'da thu', NULL)
INSERT [dbo].[DKHP] ([MASV], [MALHP], [DIEMTKY], [DIEMGK], [DIEMCK], [DIEMTBHE10], [DIEMTBHE4], [HOCPHI], [TTRANGHP], [GHICHU]) VALUES (N'20112', N'300006', 40, 65, 50, 6, 3, 5000000, N'da thu', NULL)
INSERT [dbo].[DKHP] ([MASV], [MALHP], [DIEMTKY], [DIEMGK], [DIEMCK], [DIEMTBHE10], [DIEMTBHE4], [HOCPHI], [TTRANGHP], [GHICHU]) VALUES (N'20112', N'300009', 80, 65, 50, 7, 3, 4200000, N'da thu', NULL)
INSERT [dbo].[DKHP] ([MASV], [MALHP], [DIEMTKY], [DIEMGK], [DIEMCK], [DIEMTBHE10], [DIEMTBHE4], [HOCPHI], [TTRANGHP], [GHICHU]) VALUES (N'20112', N'300011', 70, 40, 55, 5, 2, 4200000, N'da thu', NULL)
INSERT [dbo].[DKHP] ([MASV], [MALHP], [DIEMTKY], [DIEMGK], [DIEMCK], [DIEMTBHE10], [DIEMTBHE4], [HOCPHI], [TTRANGHP], [GHICHU]) VALUES (N'20113', N'300007', 80, 70, 75, 7, 3, 5000000, N'da thu', NULL)
INSERT [dbo].[DKHP] ([MASV], [MALHP], [DIEMTKY], [DIEMGK], [DIEMCK], [DIEMTBHE10], [DIEMTBHE4], [HOCPHI], [TTRANGHP], [GHICHU]) VALUES (N'20113', N'300009', 90, 80, 85, 8, 3, 4200000, N'da thu', NULL)
INSERT [dbo].[DKHP] ([MASV], [MALHP], [DIEMTKY], [DIEMGK], [DIEMCK], [DIEMTBHE10], [DIEMTBHE4], [HOCPHI], [TTRANGHP], [GHICHU]) VALUES (N'20113', N'300012', 85, 70, 80, 7, 3, 4200000, N'da thu', NULL)
INSERT [dbo].[DKHP] ([MASV], [MALHP], [DIEMTKY], [DIEMGK], [DIEMCK], [DIEMTBHE10], [DIEMTBHE4], [HOCPHI], [TTRANGHP], [GHICHU]) VALUES (N'20113', N'300013', 95, 70, 75, 8, 3, 4200000, N'da thu', NULL)
INSERT [dbo].[DKHP] ([MASV], [MALHP], [DIEMTKY], [DIEMGK], [DIEMCK], [DIEMTBHE10], [DIEMTBHE4], [HOCPHI], [TTRANGHP], [GHICHU]) VALUES (N'20114', N'300001', 55, 30, 45, 4, 2, 4200000, N'da thu', NULL)
INSERT [dbo].[DKHP] ([MASV], [MALHP], [DIEMTKY], [DIEMGK], [DIEMCK], [DIEMTBHE10], [DIEMTBHE4], [HOCPHI], [TTRANGHP], [GHICHU]) VALUES (N'20114', N'300005', 50, 65, 70, 6, 3, 4200000, N'da thu', NULL)
INSERT [dbo].[DKHP] ([MASV], [MALHP], [DIEMTKY], [DIEMGK], [DIEMCK], [DIEMTBHE10], [DIEMTBHE4], [HOCPHI], [TTRANGHP], [GHICHU]) VALUES (N'20114', N'300006', 60, 40, 60, 5, 2, 5000000, N'da thu', NULL)
INSERT [dbo].[DKHP] ([MASV], [MALHP], [DIEMTKY], [DIEMGK], [DIEMCK], [DIEMTBHE10], [DIEMTBHE4], [HOCPHI], [TTRANGHP], [GHICHU]) VALUES (N'20114', N'300011', 40, 40, 60, 5, 2, 4200000, N'da thu', NULL)
INSERT [dbo].[DKHP] ([MASV], [MALHP], [DIEMTKY], [DIEMGK], [DIEMCK], [DIEMTBHE10], [DIEMTBHE4], [HOCPHI], [TTRANGHP], [GHICHU]) VALUES (N'20115', N'300002', 55, 65, 70, 6, 3, 5000000, N'da thu', NULL)
INSERT [dbo].[DKHP] ([MASV], [MALHP], [DIEMTKY], [DIEMGK], [DIEMCK], [DIEMTBHE10], [DIEMTBHE4], [HOCPHI], [TTRANGHP], [GHICHU]) VALUES (N'20115', N'300006', 35, 30, 40, 4, 2, 5000000, N'da thu', NULL)
INSERT [dbo].[DKHP] ([MASV], [MALHP], [DIEMTKY], [DIEMGK], [DIEMCK], [DIEMTBHE10], [DIEMTBHE4], [HOCPHI], [TTRANGHP], [GHICHU]) VALUES (N'20115', N'300007', 0, 0, 0, 0, 0, 5000000, N'chua thu', NULL)
INSERT [dbo].[DKHP] ([MASV], [MALHP], [DIEMTKY], [DIEMGK], [DIEMCK], [DIEMTBHE10], [DIEMTBHE4], [HOCPHI], [TTRANGHP], [GHICHU]) VALUES (N'20115', N'300008', 45, 50, 60, 5, 2, 5000000, N'da thu', NULL)
INSERT [dbo].[DKHP] ([MASV], [MALHP], [DIEMTKY], [DIEMGK], [DIEMCK], [DIEMTBHE10], [DIEMTBHE4], [HOCPHI], [TTRANGHP], [GHICHU]) VALUES (N'20116', N'300002', 55, 65, 50, 5, 2, 5000000, N'da thu', NULL)
INSERT [dbo].[DKHP] ([MASV], [MALHP], [DIEMTKY], [DIEMGK], [DIEMCK], [DIEMTBHE10], [DIEMTBHE4], [HOCPHI], [TTRANGHP], [GHICHU]) VALUES (N'20116', N'300008', 40, 50, 65, 6, 3, 5000000, N'da thu', NULL)
INSERT [dbo].[DKHP] ([MASV], [MALHP], [DIEMTKY], [DIEMGK], [DIEMCK], [DIEMTBHE10], [DIEMTBHE4], [HOCPHI], [TTRANGHP], [GHICHU]) VALUES (N'20116', N'300010', 70, 65, 55, 6, 3, 4200000, N'da thu', NULL)
INSERT [dbo].[DKHP] ([MASV], [MALHP], [DIEMTKY], [DIEMGK], [DIEMCK], [DIEMTBHE10], [DIEMTBHE4], [HOCPHI], [TTRANGHP], [GHICHU]) VALUES (N'20116', N'300012', 65, 60, 50, 5, 2, 4200000, N'da thu', NULL)
INSERT [dbo].[DKHP] ([MASV], [MALHP], [DIEMTKY], [DIEMGK], [DIEMCK], [DIEMTBHE10], [DIEMTBHE4], [HOCPHI], [TTRANGHP], [GHICHU]) VALUES (N'20117', N'300004', 75, 60, 70, 7, 3, 4200000, N'da thu', NULL)
INSERT [dbo].[DKHP] ([MASV], [MALHP], [DIEMTKY], [DIEMGK], [DIEMCK], [DIEMTBHE10], [DIEMTBHE4], [HOCPHI], [TTRANGHP], [GHICHU]) VALUES (N'20117', N'300005', 80, 55, 60, 7, 3, 4200000, N'da thu', NULL)
INSERT [dbo].[DKHP] ([MASV], [MALHP], [DIEMTKY], [DIEMGK], [DIEMCK], [DIEMTBHE10], [DIEMTBHE4], [HOCPHI], [TTRANGHP], [GHICHU]) VALUES (N'20117', N'300007', 65, 60, 70, 6, 2, 5000000, N'da thu', NULL)
INSERT [dbo].[DKHP] ([MASV], [MALHP], [DIEMTKY], [DIEMGK], [DIEMCK], [DIEMTBHE10], [DIEMTBHE4], [HOCPHI], [TTRANGHP], [GHICHU]) VALUES (N'20117', N'300013', 70, 55, 60, 6, 3, 4200000, N'da thu', NULL)
INSERT [dbo].[DKHP] ([MASV], [MALHP], [DIEMTKY], [DIEMGK], [DIEMCK], [DIEMTBHE10], [DIEMTBHE4], [HOCPHI], [TTRANGHP], [GHICHU]) VALUES (N'20118', N'300002', 55, 65, 55, 6, 3, 5000000, N'da thu', NULL)
INSERT [dbo].[DKHP] ([MASV], [MALHP], [DIEMTKY], [DIEMGK], [DIEMCK], [DIEMTBHE10], [DIEMTBHE4], [HOCPHI], [TTRANGHP], [GHICHU]) VALUES (N'20118', N'300006', 50, 45, 60, 5, 2, 5000000, N'da thu', NULL)
INSERT [dbo].[DKHP] ([MASV], [MALHP], [DIEMTKY], [DIEMGK], [DIEMCK], [DIEMTBHE10], [DIEMTBHE4], [HOCPHI], [TTRANGHP], [GHICHU]) VALUES (N'20118', N'300011', 55, 60, 55, 6, 3, 4200000, N'da thu', NULL)
INSERT [dbo].[DKHP] ([MASV], [MALHP], [DIEMTKY], [DIEMGK], [DIEMCK], [DIEMTBHE10], [DIEMTBHE4], [HOCPHI], [TTRANGHP], [GHICHU]) VALUES (N'20118', N'300013', 45, 60, 70, 6, 3, 4200000, N'da thu', NULL)
INSERT [dbo].[DKHP] ([MASV], [MALHP], [DIEMTKY], [DIEMGK], [DIEMCK], [DIEMTBHE10], [DIEMTBHE4], [HOCPHI], [TTRANGHP], [GHICHU]) VALUES (N'20119', N'300001', 40, 45, 55, 4, 2, 4200000, N'da thu', NULL)
INSERT [dbo].[DKHP] ([MASV], [MALHP], [DIEMTKY], [DIEMGK], [DIEMCK], [DIEMTBHE10], [DIEMTBHE4], [HOCPHI], [TTRANGHP], [GHICHU]) VALUES (N'20119', N'300004', 15, 35, 40, 3, 1, 4200000, N'da thu', NULL)
GO
INSERT [dbo].[DKHP] ([MASV], [MALHP], [DIEMTKY], [DIEMGK], [DIEMCK], [DIEMTBHE10], [DIEMTBHE4], [HOCPHI], [TTRANGHP], [GHICHU]) VALUES (N'20119', N'300010', 40, 50, 45, 4, 2, 4200000, N'da thu', NULL)
INSERT [dbo].[DKHP] ([MASV], [MALHP], [DIEMTKY], [DIEMGK], [DIEMCK], [DIEMTBHE10], [DIEMTBHE4], [HOCPHI], [TTRANGHP], [GHICHU]) VALUES (N'20119', N'300012', 30, 60, 50, 4, 2, 4200000, N'da thu', NULL)
INSERT [dbo].[DKHP] ([MASV], [MALHP], [DIEMTKY], [DIEMGK], [DIEMCK], [DIEMTBHE10], [DIEMTBHE4], [HOCPHI], [TTRANGHP], [GHICHU]) VALUES (N'20120', N'300007', 0, 0, 0, 0, 0, 5000000, N'chua thu', NULL)
INSERT [dbo].[DKHP] ([MASV], [MALHP], [DIEMTKY], [DIEMGK], [DIEMCK], [DIEMTBHE10], [DIEMTBHE4], [HOCPHI], [TTRANGHP], [GHICHU]) VALUES (N'20120', N'300009', 0, 0, 0, 0, 0, 4200000, N'chua thu', NULL)
INSERT [dbo].[DKHP] ([MASV], [MALHP], [DIEMTKY], [DIEMGK], [DIEMCK], [DIEMTBHE10], [DIEMTBHE4], [HOCPHI], [TTRANGHP], [GHICHU]) VALUES (N'20120', N'300010', 0, 0, 0, 0, 0, 4200000, N'chua thu', NULL)
INSERT [dbo].[DKHP] ([MASV], [MALHP], [DIEMTKY], [DIEMGK], [DIEMCK], [DIEMTBHE10], [DIEMTBHE4], [HOCPHI], [TTRANGHP], [GHICHU]) VALUES (N'20120', N'300011', 0, 0, 0, 0, 0, 4200000, N'chua thu', NULL)
GO
/*Hoàn thành database chứa điểm sinh viên */
INSERT [dbo].[HOCBONG] ([LOAIHB], [MOTAHB], [GIATRIHB], [MASV]) VALUES (N'Giam 50%', N'Thanh Tich Hoc Tap Xuat Sac', 50, N'20001')
INSERT [dbo].[HOCBONG] ([LOAIHB], [MOTAHB], [GIATRIHB], [MASV]) VALUES (N'Giam 100%', N'Thanh Tich Hoc Tap Xuat Sac', 100, N'20002')
INSERT [dbo].[HOCBONG] ([LOAIHB], [MOTAHB], [GIATRIHB], [MASV]) VALUES (N'Giam 50%', N'Thanh Tich Hoc Tap Xuat Sac', 50, N'20005')
INSERT [dbo].[HOCBONG] ([LOAIHB], [MOTAHB], [GIATRIHB], [MASV]) VALUES (N'Giam 50%', N'Thanh Tich Hoc Tap Xuat Sac', 50, N'20010')
INSERT [dbo].[HOCBONG] ([LOAIHB], [MOTAHB], [GIATRIHB], [MASV]) VALUES (N'Giam 50%', N'Thanh Tich Hoc Tap Xuat Sac', 50, N'20011')
INSERT [dbo].[HOCBONG] ([LOAIHB], [MOTAHB], [GIATRIHB], [MASV]) VALUES (N'Giam 30%', N'Thanh Tich Hoc Tap Xuat Sac', 30, N'20033')
INSERT [dbo].[HOCBONG] ([LOAIHB], [MOTAHB], [GIATRIHB], [MASV]) VALUES (N'Giam 30%', N'Thanh Tich Hoc Tap Xuat Sac', 30, N'20034')
INSERT [dbo].[HOCBONG] ([LOAIHB], [MOTAHB], [GIATRIHB], [MASV]) VALUES (N'Giam 30%', N'Thanh Tich Hoc Tap Xuat Sac', 30, N'20071')
INSERT [dbo].[HOCBONG] ([LOAIHB], [MOTAHB], [GIATRIHB], [MASV]) VALUES (N'Giam 30%', N'Thanh Tich Hoc Tap Xuat Sac', 30, N'20072')
INSERT [dbo].[HOCBONG] ([LOAIHB], [MOTAHB], [GIATRIHB], [MASV]) VALUES (N'Giam 100%', N'Thanh Tich Hoc Tap Xuat Sac', 100, N'20073')
INSERT [dbo].[HOCBONG] ([LOAIHB], [MOTAHB], [GIATRIHB], [MASV]) VALUES (N'Giam 100%', N'Thanh Tich Hoc Tap Xuat Sac', 100, N'20085')
INSERT [dbo].[HOCBONG] ([LOAIHB], [MOTAHB], [GIATRIHB], [MASV]) VALUES (N'Giam 100%', N'Thanh Tich Hoc Tap Xuat Sac', 100, N'20086')
GO
INSERT [dbo].[HOCPHAN] ([MAHP], [TENHP], [SOTC], [BATBUOC], [GHICHU], [MABM]) VALUES (N'1001070006', N'Ky nang giao tiep', 2, N'CO', NULL, N'10101')
INSERT [dbo].[HOCPHAN] ([MAHP], [TENHP], [SOTC], [BATBUOC], [GHICHU], [MABM]) VALUES (N'1001070007', N'Ky nang giao tiep 2', 2, N'CO', NULL, N'10101')
INSERT [dbo].[HOCPHAN] ([MAHP], [TENHP], [SOTC], [BATBUOC], [GHICHU], [MABM]) VALUES (N'1001073894', N'Giao Duc Quoc Phong', 8, N'CO', NULL, N'10101')
INSERT [dbo].[HOCPHAN] ([MAHP], [TENHP], [SOTC], [BATBUOC], [GHICHU], [MABM]) VALUES (N'1001074618', N'Dich Vu Hanh Chinh', 3, N'CO', NULL, N'10102')
INSERT [dbo].[HOCPHAN] ([MAHP], [TENHP], [SOTC], [BATBUOC], [GHICHU], [MABM]) VALUES (N'1001074619', N'Toán cao cap (CNTT)', 3, N'CO', NULL, N'10100')
INSERT [dbo].[HOCPHAN] ([MAHP], [TENHP], [SOTC], [BATBUOC], [GHICHU], [MABM]) VALUES (N'1001074620', N'Lap Trinh Nang Cao', 3, N'CO', NULL, N'10100')
INSERT [dbo].[HOCPHAN] ([MAHP], [TENHP], [SOTC], [BATBUOC], [GHICHU], [MABM]) VALUES (N'1001074621', N'Phat Trien Ung Dung', 3, N'CO', NULL, N'10101')
INSERT [dbo].[HOCPHAN] ([MAHP], [TENHP], [SOTC], [BATBUOC], [GHICHU], [MABM]) VALUES (N'1001074622', N'Lap Trinh Giao Dien Ung Dung', 3, N'CO', NULL, N'10101')
INSERT [dbo].[HOCPHAN] ([MAHP], [TENHP], [SOTC], [BATBUOC], [GHICHU], [MABM]) VALUES (N'1001074629', N'He Thong Thong Tin Doanh Nghiep(CNTT)', 3, N'CO', NULL, N'10100')
INSERT [dbo].[HOCPHAN] ([MAHP], [TENHP], [SOTC], [BATBUOC], [GHICHU], [MABM]) VALUES (N'1001074630', N'Kinh Doanh Thong Minh', 3, N'CO', NULL, N'10100')
INSERT [dbo].[HOCPHAN] ([MAHP], [TENHP], [SOTC], [BATBUOC], [GHICHU], [MABM]) VALUES (N'1001074635', N'He Dieu Hanh', 3, N'CO', NULL, N'10101')
INSERT [dbo].[HOCPHAN] ([MAHP], [TENHP], [SOTC], [BATBUOC], [GHICHU], [MABM]) VALUES (N'1001074636', N'Cong Nghe Dam May', 3, N'CO', NULL, N'10101')
INSERT [dbo].[HOCPHAN] ([MAHP], [TENHP], [SOTC], [BATBUOC], [GHICHU], [MABM]) VALUES (N'1001074648', N'Co So Du Lieu', 3, N'CO', NULL, N'10101')
INSERT [dbo].[HOCPHAN] ([MAHP], [TENHP], [SOTC], [BATBUOC], [GHICHU], [MABM]) VALUES (N'1001074649', N'Quan Ly He Thong Du Lieu (CNTT)', 3, N'CO', NULL, N'10100')
INSERT [dbo].[HOCPHAN] ([MAHP], [TENHP], [SOTC], [BATBUOC], [GHICHU], [MABM]) VALUES (N'1001074650', N'Toan Roi Rac', 3, N'CO', NULL, N'10100')
INSERT [dbo].[HOCPHAN] ([MAHP], [TENHP], [SOTC], [BATBUOC], [GHICHU], [MABM]) VALUES (N'1001074651', N'Chien Luoc Thuong Mai Dien Tu', 3, N'CO', NULL, N'10102')
INSERT [dbo].[HOCPHAN] ([MAHP], [TENHP], [SOTC], [BATBUOC], [GHICHU], [MABM]) VALUES (N'1001074673', N'Cong Nghe Thong Tin', 3, N'CO', NULL, N'10100')
INSERT [dbo].[HOCPHAN] ([MAHP], [TENHP], [SOTC], [BATBUOC], [GHICHU], [MABM]) VALUES (N'1001074700', N'He Thong Mang', 3, N'CO', NULL, N'10101')
INSERT [dbo].[HOCPHAN] ([MAHP], [TENHP], [SOTC], [BATBUOC], [GHICHU], [MABM]) VALUES (N'1001074705', N'Lap Trinh Co Ban', 3, N'CO', NULL, N'10100')
INSERT [dbo].[HOCPHAN] ([MAHP], [TENHP], [SOTC], [BATBUOC], [GHICHU], [MABM]) VALUES (N'1001074706', N'Lap Trinh Thiet Bi Di Dong', 3, N'CO', NULL, N'10101')
INSERT [dbo].[HOCPHAN] ([MAHP], [TENHP], [SOTC], [BATBUOC], [GHICHU], [MABM]) VALUES (N'1001074710', N'De An Nghien Cuu (CNTT)', 3, N'CO', NULL, N'10100')
INSERT [dbo].[HOCPHAN] ([MAHP], [TENHP], [SOTC], [BATBUOC], [GHICHU], [MABM]) VALUES (N'1001074716', N'Bao mat', 3, N'CO', NULL, N'10101')
INSERT [dbo].[HOCPHAN] ([MAHP], [TENHP], [SOTC], [BATBUOC], [GHICHU], [MABM]) VALUES (N'1001074724', N'Thiet ke phat trien web', 3, N'CO', NULL, N'10101')
INSERT [dbo].[HOCPHAN] ([MAHP], [TENHP], [SOTC], [BATBUOC], [GHICHU], [MABM]) VALUES (N'1001074730', N'Tieng Anh 1', 6, N'CO', NULL, N'10102')
INSERT [dbo].[HOCPHAN] ([MAHP], [TENHP], [SOTC], [BATBUOC], [GHICHU], [MABM]) VALUES (N'1001074731', N'Tieng Anh 2', 6, N'CO', NULL, N'10102')
INSERT [dbo].[HOCPHAN] ([MAHP], [TENHP], [SOTC], [BATBUOC], [GHICHU], [MABM]) VALUES (N'1001074732', N'Tieng Anh 3', 6, N'CO', NULL, N'10102')
INSERT [dbo].[HOCPHAN] ([MAHP], [TENHP], [SOTC], [BATBUOC], [GHICHU], [MABM]) VALUES (N'1001074733', N'Tieng Anh 4', 6, N'CO', NULL, N'10102')
INSERT [dbo].[HOCPHAN] ([MAHP], [TENHP], [SOTC], [BATBUOC], [GHICHU], [MABM]) VALUES (N'1001074734', N'Tieng Anh 5', 6, N'CO', NULL, N'10102')
INSERT [dbo].[HOCPHAN] ([MAHP], [TENHP], [SOTC], [BATBUOC], [GHICHU], [MABM]) VALUES (N'1001074735', N'Tieng Anh 6', 6, N'CO', NULL, N'10102')
INSERT [dbo].[HOCPHAN] ([MAHP], [TENHP], [SOTC], [BATBUOC], [GHICHU], [MABM]) VALUES (N'1001075854', N'Khoi Nghiep', 2, N'CO', NULL, N'10102')
INSERT [dbo].[HOCPHAN] ([MAHP], [TENHP], [SOTC], [BATBUOC], [GHICHU], [MABM]) VALUES (N'1001076269', N'Cau Truc Du Lieu Va Giai Thuat', 3, N'CO', NULL, N'10101')
INSERT [dbo].[HOCPHAN] ([MAHP], [TENHP], [SOTC], [BATBUOC], [GHICHU], [MABM]) VALUES (N'1001076271', N'Quan Ly Du An (CNTT)', 3, N'CO', NULL, N'10100')
INSERT [dbo].[HOCPHAN] ([MAHP], [TENHP], [SOTC], [BATBUOC], [GHICHU], [MABM]) VALUES (N'1001076272', N'Kiem Thu Phan Mem', 3, N'CO', NULL, N'10101')
INSERT [dbo].[HOCPHAN] ([MAHP], [TENHP], [SOTC], [BATBUOC], [GHICHU], [MABM]) VALUES (N'1001076273', N'Kien Truc Phan Mem', 3, N'CO', NULL, N'10101')
INSERT [dbo].[HOCPHAN] ([MAHP], [TENHP], [SOTC], [BATBUOC], [GHICHU], [MABM]) VALUES (N'1001076274', N'Mo Hinh Phat Trien Phan Mem Agile', 3, N'CO', NULL, N'10101')
INSERT [dbo].[HOCPHAN] ([MAHP], [TENHP], [SOTC], [BATBUOC], [GHICHU], [MABM]) VALUES (N'1001076275', N'He Thong Nhung Thong Minh va IoT', 3, N'CO', NULL, N'10101')
INSERT [dbo].[HOCPHAN] ([MAHP], [TENHP], [SOTC], [BATBUOC], [GHICHU], [MABM]) VALUES (N'1001076276', N'Thuc Tap', 5, N'CO', NULL, N'10102')
INSERT [dbo].[HOCPHAN] ([MAHP], [TENHP], [SOTC], [BATBUOC], [GHICHU], [MABM]) VALUES (N'1001076277', N'Khoa Luan Tot Nghiep', 7, N'CO', NULL, N'10102')
INSERT [dbo].[HOCPHAN] ([MAHP], [TENHP], [SOTC], [BATBUOC], [GHICHU], [MABM]) VALUES (N'1011074724', N'Cong Nghe Phan Mem', 3, N'CO', NULL, N'10101')
GO
INSERT [dbo].[KHOA] ([MAKHOA], [TENKHOA], [SDTKHOA]) VALUES (N'10001', N'Cong Nghe Thong Tin', N'0123456789')
INSERT [dbo].[KHOA] ([MAKHOA], [TENKHOA], [SDTKHOA]) VALUES (N'10002', N'Quan Tri Kinh Doanh', N'0124457777')
GO
INSERT [dbo].[LOP] ([MALOP], [TENLOP], [CHUYENNGANH], [LOPTRUONG], [SL_SV], [MAKHOA], [NIENKHOA]) VALUES (N'12001', N'20BITV01', N'Ki Su Phan Mem', N'20001', 16, N'10001', N'20')
INSERT [dbo].[LOP] ([MALOP], [TENLOP], [CHUYENNGANH], [LOPTRUONG], [SL_SV], [MAKHOA], [NIENKHOA]) VALUES (N'12002', N'19BITV01', N'Ki Su Phan Mem', N'20002', 17, N'10001', N'19')
INSERT [dbo].[LOP] ([MALOP], [TENLOP], [CHUYENNGANH], [LOPTRUONG], [SL_SV], [MAKHOA], [NIENKHOA]) VALUES (N'12003', N'20BBAV01', N'Quan Tri Kinh Doanh', N'20090', 14, N'10002', N'20')
INSERT [dbo].[LOP] ([MALOP], [TENLOP], [CHUYENNGANH], [LOPTRUONG], [SL_SV], [MAKHOA], [NIENKHOA]) VALUES (N'12004', N'19BBAV01', N'Quan Tri Kinh Doanh', N'20072', 14, N'10002', N'19')
INSERT [dbo].[LOP] ([MALOP], [TENLOP], [CHUYENNGANH], [LOPTRUONG], [SL_SV], [MAKHOA], [NIENKHOA]) VALUES (N'12005', N'20BAFV01', N'Ke Toan', N'20007', 15, N'10001', N'20')
INSERT [dbo].[LOP] ([MALOP], [TENLOP], [CHUYENNGANH], [LOPTRUONG], [SL_SV], [MAKHOA], [NIENKHOA]) VALUES (N'12006', N'19BAFV01', N'Ke Toan', N'20011', 14, N'10001', N'19')
INSERT [dbo].[LOP] ([MALOP], [TENLOP], [CHUYENNGANH], [LOPTRUONG], [SL_SV], [MAKHOA], [NIENKHOA]) VALUES (N'12011', N'20BAEV01', N'Co khi Oto', N'20083', 14, N'10002', N'20')
INSERT [dbo].[LOP] ([MALOP], [TENLOP], [CHUYENNGANH], [LOPTRUONG], [SL_SV], [MAKHOA], [NIENKHOA]) VALUES (N'12012', N'19BAEV01', N'Co khi Oto', N'20085', 15, N'10002', N'19')
GO
INSERT [dbo].[LOPHP] ([MALHP], [MALOP], [MAHP], [TGBD], [TGKT], [SSTOIDA], [DADK], [HOCKY], [NAM]) VALUES (N'1', N'12001', N'1001074621', CAST(N'2023-04-25T00:07:59.093' AS DateTime), CAST(N'2023-04-25T00:23:44.703' AS DateTime), 30, NULL, 2, N'2023')
INSERT [dbo].[LOPHP] ([MALHP], [MALOP], [MAHP], [TGBD], [TGKT], [SSTOIDA], [DADK], [HOCKY], [NAM]) VALUES (N'100', N'12001', N'1001074730', CAST(N'2023-07-15T21:10:56.087' AS DateTime), NULL, 30, NULL, 1, N'2023')
INSERT [dbo].[LOPHP] ([MALHP], [MALOP], [MAHP], [TGBD], [TGKT], [SSTOIDA], [DADK], [HOCKY], [NAM]) VALUES (N'11111', N'12001', N'1001074635', CAST(N'2023-07-15T18:26:05.907' AS DateTime), CAST(N'2023-07-15T20:48:06.000' AS DateTime), 30, NULL, 1, N'2023')
INSERT [dbo].[LOPHP] ([MALHP], [MALOP], [MAHP], [TGBD], [TGKT], [SSTOIDA], [DADK], [HOCKY], [NAM]) VALUES (N'1111111', N'12001', N'1001070007', CAST(N'2023-07-15T21:05:11.787' AS DateTime), CAST(N'2023-07-15T21:05:39.177' AS DateTime), 30, NULL, 1, N'2023')
INSERT [dbo].[LOPHP] ([MALHP], [MALOP], [MAHP], [TGBD], [TGKT], [SSTOIDA], [DADK], [HOCKY], [NAM]) VALUES (N'1111112', N'12001', N'1001073894', CAST(N'2023-07-16T16:28:02.353' AS DateTime), CAST(N'2023-07-16T16:28:29.000' AS DateTime), 30, NULL, 1, N'2023')
INSERT [dbo].[LOPHP] ([MALHP], [MALOP], [MAHP], [TGBD], [TGKT], [SSTOIDA], [DADK], [HOCKY], [NAM]) VALUES (N'1111113', N'12001', N'1001070006', CAST(N'2023-07-16T16:28:35.840' AS DateTime), NULL, 30, NULL, 1, N'2023')
INSERT [dbo].[LOPHP] ([MALHP], [MALOP], [MAHP], [TGBD], [TGKT], [SSTOIDA], [DADK], [HOCKY], [NAM]) VALUES (N'1111114', N'12001', N'1001070006', CAST(N'2023-07-16T16:28:44.190' AS DateTime), NULL, 30, 1, 1, N'2023')
INSERT [dbo].[LOPHP] ([MALHP], [MALOP], [MAHP], [TGBD], [TGKT], [SSTOIDA], [DADK], [HOCKY], [NAM]) VALUES (N'12', N'12004', N'1001070007', CAST(N'2023-04-25T00:01:44.277' AS DateTime), CAST(N'2023-04-25T00:24:07.080' AS DateTime), 10, NULL, 1, N'2023')
INSERT [dbo].[LOPHP] ([MALHP], [MALOP], [MAHP], [TGBD], [TGKT], [SSTOIDA], [DADK], [HOCKY], [NAM]) VALUES (N'121', N'12001', N'1001073894', CAST(N'2023-07-15T21:07:54.317' AS DateTime), NULL, 30, NULL, 1, N'2023')
INSERT [dbo].[LOPHP] ([MALHP], [MALOP], [MAHP], [TGBD], [TGKT], [SSTOIDA], [DADK], [HOCKY], [NAM]) VALUES (N'121221', N'12001', N'1001074620', CAST(N'2023-07-15T21:07:59.173' AS DateTime), CAST(N'2023-07-15T21:09:01.263' AS DateTime), 30, NULL, 1, N'2023')
INSERT [dbo].[LOPHP] ([MALHP], [MALOP], [MAHP], [TGBD], [TGKT], [SSTOIDA], [DADK], [HOCKY], [NAM]) VALUES (N'12221', N'12001', N'1001074618', CAST(N'2023-04-25T00:30:31.737' AS DateTime), CAST(N'2023-07-15T20:48:07.053' AS DateTime), 30, NULL, 3, N'2023')
INSERT [dbo].[LOPHP] ([MALHP], [MALOP], [MAHP], [TGBD], [TGKT], [SSTOIDA], [DADK], [HOCKY], [NAM]) VALUES (N'1235', N'12001', N'1001074620', CAST(N'2023-04-25T00:26:46.737' AS DateTime), CAST(N'2023-07-15T20:48:09.777' AS DateTime), 30, NULL, 2, N'2023')
INSERT [dbo].[LOPHP] ([MALHP], [MALOP], [MAHP], [TGBD], [TGKT], [SSTOIDA], [DADK], [HOCKY], [NAM]) VALUES (N'13131', N'12001', N'1001074673', CAST(N'2023-07-15T20:49:07.357' AS DateTime), CAST(N'2023-07-15T20:49:11.663' AS DateTime), 30, NULL, 1, N'2023')
INSERT [dbo].[LOPHP] ([MALHP], [MALOP], [MAHP], [TGBD], [TGKT], [SSTOIDA], [DADK], [HOCKY], [NAM]) VALUES (N'14', N'12001', N'1001073894', CAST(N'2023-04-25T00:07:35.540' AS DateTime), CAST(N'2023-04-25T00:23:47.707' AS DateTime), 12, NULL, 1, N'2023')
INSERT [dbo].[LOPHP] ([MALHP], [MALOP], [MAHP], [TGBD], [TGKT], [SSTOIDA], [DADK], [HOCKY], [NAM]) VALUES (N'2', N'12001', N'1001074648', CAST(N'2023-07-15T20:47:59.243' AS DateTime), CAST(N'2023-07-15T20:48:11.707' AS DateTime), 30, NULL, 1, N'2023')
INSERT [dbo].[LOPHP] ([MALHP], [MALOP], [MAHP], [TGBD], [TGKT], [SSTOIDA], [DADK], [HOCKY], [NAM]) VALUES (N'22', N'12001', N'1001074629', CAST(N'2023-07-15T16:06:36.937' AS DateTime), CAST(N'2023-07-15T20:48:13.227' AS DateTime), 31, NULL, 1, N'2023')
INSERT [dbo].[LOPHP] ([MALHP], [MALOP], [MAHP], [TGBD], [TGKT], [SSTOIDA], [DADK], [HOCKY], [NAM]) VALUES (N'2222', N'12001', N'1001074636', CAST(N'2023-07-15T18:32:32.197' AS DateTime), CAST(N'2023-07-15T20:48:14.653' AS DateTime), 30, 2, 1, N'2023')
INSERT [dbo].[LOPHP] ([MALHP], [MALOP], [MAHP], [TGBD], [TGKT], [SSTOIDA], [DADK], [HOCKY], [NAM]) VALUES (N'3', N'12001', N'1001074622', CAST(N'2023-07-15T20:48:25.070' AS DateTime), CAST(N'2023-07-15T20:49:12.353' AS DateTime), 30, NULL, 1, N'2023')
INSERT [dbo].[LOPHP] ([MALHP], [MALOP], [MAHP], [TGBD], [TGKT], [SSTOIDA], [DADK], [HOCKY], [NAM]) VALUES (N'300001', N'12001', N'1001074650', CAST(N'2021-09-09T00:00:00.000' AS DateTime), CAST(N'2021-12-30T00:00:00.000' AS DateTime), 60, 60, 3, N'2021')
INSERT [dbo].[LOPHP] ([MALHP], [MALOP], [MAHP], [TGBD], [TGKT], [SSTOIDA], [DADK], [HOCKY], [NAM]) VALUES (N'300002', N'12001', N'1001074730', CAST(N'2021-09-09T00:00:00.000' AS DateTime), CAST(N'2021-12-30T00:00:00.000' AS DateTime), 60, 50, 2, N'2021')
INSERT [dbo].[LOPHP] ([MALHP], [MALOP], [MAHP], [TGBD], [TGKT], [SSTOIDA], [DADK], [HOCKY], [NAM]) VALUES (N'300004', N'12002', N'1001074650', CAST(N'2021-09-09T00:00:00.000' AS DateTime), CAST(N'2021-12-30T00:00:00.000' AS DateTime), 60, 35, 1, N'2021')
INSERT [dbo].[LOPHP] ([MALHP], [MALOP], [MAHP], [TGBD], [TGKT], [SSTOIDA], [DADK], [HOCKY], [NAM]) VALUES (N'300005', N'12002', N'1001074619', CAST(N'2021-09-09T00:00:00.000' AS DateTime), CAST(N'2021-12-30T00:00:00.000' AS DateTime), 60, 55, 3, N'2021')
INSERT [dbo].[LOPHP] ([MALHP], [MALOP], [MAHP], [TGBD], [TGKT], [SSTOIDA], [DADK], [HOCKY], [NAM]) VALUES (N'300006', N'12003', N'1001074731', CAST(N'2021-09-09T00:00:00.000' AS DateTime), CAST(N'2021-12-30T00:00:00.000' AS DateTime), 60, 45, 2, N'2021')
INSERT [dbo].[LOPHP] ([MALHP], [MALOP], [MAHP], [TGBD], [TGKT], [SSTOIDA], [DADK], [HOCKY], [NAM]) VALUES (N'300007', N'12003', N'1001074730', CAST(N'2021-09-09T00:00:00.000' AS DateTime), CAST(N'2021-12-30T00:00:00.000' AS DateTime), 60, 31, 1, N'2021')
INSERT [dbo].[LOPHP] ([MALHP], [MALOP], [MAHP], [TGBD], [TGKT], [SSTOIDA], [DADK], [HOCKY], [NAM]) VALUES (N'300008', N'12004', N'1001074731', CAST(N'2021-09-09T00:00:00.000' AS DateTime), CAST(N'2021-12-30T00:00:00.000' AS DateTime), 60, 39, 3, N'2021')
INSERT [dbo].[LOPHP] ([MALHP], [MALOP], [MAHP], [TGBD], [TGKT], [SSTOIDA], [DADK], [HOCKY], [NAM]) VALUES (N'300009', N'12004', N'1001074619', CAST(N'2021-09-09T00:00:00.000' AS DateTime), CAST(N'2021-12-30T00:00:00.000' AS DateTime), 60, 49, 2, N'2021')
INSERT [dbo].[LOPHP] ([MALHP], [MALOP], [MAHP], [TGBD], [TGKT], [SSTOIDA], [DADK], [HOCKY], [NAM]) VALUES (N'300010', N'12005', N'1001074619', CAST(N'2021-09-09T00:00:00.000' AS DateTime), CAST(N'2021-12-30T00:00:00.000' AS DateTime), 60, 28, 1, N'2021')
INSERT [dbo].[LOPHP] ([MALHP], [MALOP], [MAHP], [TGBD], [TGKT], [SSTOIDA], [DADK], [HOCKY], [NAM]) VALUES (N'300011', N'12005', N'1001074705', CAST(N'2021-09-09T00:00:00.000' AS DateTime), CAST(N'2021-12-30T00:00:00.000' AS DateTime), 60, 36, 3, N'2021')
INSERT [dbo].[LOPHP] ([MALHP], [MALOP], [MAHP], [TGBD], [TGKT], [SSTOIDA], [DADK], [HOCKY], [NAM]) VALUES (N'300012', N'12006', N'1001074705', CAST(N'2021-09-09T00:00:00.000' AS DateTime), CAST(N'2021-12-30T00:00:00.000' AS DateTime), 60, 28, 2, N'2021')
INSERT [dbo].[LOPHP] ([MALHP], [MALOP], [MAHP], [TGBD], [TGKT], [SSTOIDA], [DADK], [HOCKY], [NAM]) VALUES (N'300013', N'12006', N'1001074735', CAST(N'2021-09-09T00:00:00.000' AS DateTime), CAST(N'2021-12-30T00:00:00.000' AS DateTime), 60, 39, 1, N'2021')
INSERT [dbo].[LOPHP] ([MALHP], [MALOP], [MAHP], [TGBD], [TGKT], [SSTOIDA], [DADK], [HOCKY], [NAM]) VALUES (N'e2e2e2', N'12001', N'1001074619', CAST(N'2023-07-15T21:05:29.997' AS DateTime), CAST(N'2023-07-15T21:05:40.930' AS DateTime), 30, NULL, 1, N'2023')
GO
INSERT [dbo].[SINHVIEN] ([MASV], [HOSV], [TENSV], [CMND], [TUOI], [NAMSINH], [PHAI], [DIACHI], [CONGNO], [LHDT], [MALOP], [KHOAHOC]) VALUES (N'20001', N'Tran', N'Tuan huynh', N'040202000456', 19, CAST(N'2002-10-02' AS Date), N'Nam', N'98 Ham Tu P6 Q5 TP.HCM', 0, N'Quoc Te', N'12001', N'2020-2023')
INSERT [dbo].[SINHVIEN] ([MASV], [HOSV], [TENSV], [CMND], [TUOI], [NAMSINH], [PHAI], [DIACHI], [CONGNO], [LHDT], [MALOP], [KHOAHOC]) VALUES (N'20002', N'Nguyen', N'Van Linh', N'040102014586', 19, CAST(N'2002-01-06' AS Date), N'Nam', N'13 Nguyen Van Linh P12 Q7 TP.HCM', 0, N'Quoc Te', N'12002', N'2020-2023')
INSERT [dbo].[SINHVIEN] ([MASV], [HOSV], [TENSV], [CMND], [TUOI], [NAMSINH], [PHAI], [DIACHI], [CONGNO], [LHDT], [MALOP], [KHOAHOC]) VALUES (N'20003', N'Nguyen', N'Thi Linh', N'040102011187', 19, CAST(N'2002-11-09' AS Date), N'Nu', N'27 Bach Van P6 Q5 TP.HCM', 0, N'Quoc Te', N'12001', N'2020-2023')
INSERT [dbo].[SINHVIEN] ([MASV], [HOSV], [TENSV], [CMND], [TUOI], [NAMSINH], [PHAI], [DIACHI], [CONGNO], [LHDT], [MALOP], [KHOAHOC]) VALUES (N'20004', N'Tan', N' Anh Tuan', N'020122014766', 19, CAST(N'2002-09-28' AS Date), N'Nam', N'92 Nguyen Trai P5 Q5 TPHCM', 0, N'Quoc Te', N'12001', N'2020-2023')
INSERT [dbo].[SINHVIEN] ([MASV], [HOSV], [TENSV], [CMND], [TUOI], [NAMSINH], [PHAI], [DIACHI], [CONGNO], [LHDT], [MALOP], [KHOAHOC]) VALUES (N'20005', N'Ngo', N'Ba Kha', N'040402017416', 21, CAST(N'2000-01-06' AS Date), N'Nam', N'50 Cong Hoa P1 Q12 Tien Giang', 0, N'Quoc Te', N'12001', N'2019-2022')
INSERT [dbo].[SINHVIEN] ([MASV], [HOSV], [TENSV], [CMND], [TUOI], [NAMSINH], [PHAI], [DIACHI], [CONGNO], [LHDT], [MALOP], [KHOAHOC]) VALUES (N'20006', N'Le', N'Thi Tham', N'040475943410', 19, CAST(N'2002-01-15' AS Date), N'Nu', N'92 Ly Thuong Kiet PDakao Q1 TPHCM', 0, N'Quoc Te', N'12001', N'2019-2022')
INSERT [dbo].[SINHVIEN] ([MASV], [HOSV], [TENSV], [CMND], [TUOI], [NAMSINH], [PHAI], [DIACHI], [CONGNO], [LHDT], [MALOP], [KHOAHOC]) VALUES (N'20007', N'Tran', N'Thi Diem My', N'040402012458', 20, CAST(N'2002-10-06' AS Date), N'Nu', N'62 Ngo Gia Tu P4 Q5 TPHCM', 0, N'Quoc Te', N'12005', N'2019-2022')
INSERT [dbo].[SINHVIEN] ([MASV], [HOSV], [TENSV], [CMND], [TUOI], [NAMSINH], [PHAI], [DIACHI], [CONGNO], [LHDT], [MALOP], [KHOAHOC]) VALUES (N'20008', N'Nguyen', N'To Nga', N'040402012447', 20, CAST(N'2001-08-12' AS Date), N'Nu', N'12 Truong Sa P4 Q3 TPHCM', 0, N'Quoc Te', N'12001', N'2019-2022')
INSERT [dbo].[SINHVIEN] ([MASV], [HOSV], [TENSV], [CMND], [TUOI], [NAMSINH], [PHAI], [DIACHI], [CONGNO], [LHDT], [MALOP], [KHOAHOC]) VALUES (N'20009', N'Tran', N'Duy Manh', N'040401052358', 19, CAST(N'2002-10-06' AS Date), N'Nam', N'57 Hoang Sa P4 Q3 TPHCM', 0, N'Quoc Te', N'12001', N'2020-2023')
INSERT [dbo].[SINHVIEN] ([MASV], [HOSV], [TENSV], [CMND], [TUOI], [NAMSINH], [PHAI], [DIACHI], [CONGNO], [LHDT], [MALOP], [KHOAHOC]) VALUES (N'20010', N'Le', N'Van Tien', N'040402265758', 19, CAST(N'2002-01-06' AS Date), N'Nam', N'Ngo Thua Ke P4 Q6 TPHCM', 0, N'Quoc Te', N'12001', N'2020-2023')
INSERT [dbo].[SINHVIEN] ([MASV], [HOSV], [TENSV], [CMND], [TUOI], [NAMSINH], [PHAI], [DIACHI], [CONGNO], [LHDT], [MALOP], [KHOAHOC]) VALUES (N'20011', N'Ho', N'Van Tho', N'040402025858', 20, CAST(N'2001-09-30' AS Date), N'Nam', N'55 Phan Dinh Phung P1 Q1 TPHCM', 0, N'Quoc Te', N'12006', N'2019-2022')
INSERT [dbo].[SINHVIEN] ([MASV], [HOSV], [TENSV], [CMND], [TUOI], [NAMSINH], [PHAI], [DIACHI], [CONGNO], [LHDT], [MALOP], [KHOAHOC]) VALUES (N'20012', N'To', N'Diem Kieu', N'040414952458', 20, CAST(N'2001-02-24' AS Date), N'Nu', N'33 Chu Van An P12 Q Binh Thanh TPHCM', 0, N'Quoc Te', N'12001', N'2019-2022')
INSERT [dbo].[SINHVIEN] ([MASV], [HOSV], [TENSV], [CMND], [TUOI], [NAMSINH], [PHAI], [DIACHI], [CONGNO], [LHDT], [MALOP], [KHOAHOC]) VALUES (N'20013', N'Truong', N'Que Nghi', N'040204561478', 21, CAST(N'2000-10-14' AS Date), N'Nu', N'65 Nguyen Duy P12 Q8 TPHCM', 0, N'Quoc Te', N'12001', N'2019-2022')
INSERT [dbo].[SINHVIEN] ([MASV], [HOSV], [TENSV], [CMND], [TUOI], [NAMSINH], [PHAI], [DIACHI], [CONGNO], [LHDT], [MALOP], [KHOAHOC]) VALUES (N'20014', N'Tran', N'Thanh Minh Tien', N'040456565468', 21, CAST(N'2000-11-30' AS Date), N'Nam', N'35 Pham Ngu Lao P5 Q1 TPHCM', 0, N'Quoc Te', N'12002', N'2019-2022')
INSERT [dbo].[SINHVIEN] ([MASV], [HOSV], [TENSV], [CMND], [TUOI], [NAMSINH], [PHAI], [DIACHI], [CONGNO], [LHDT], [MALOP], [KHOAHOC]) VALUES (N'20015', N'Han', N'Gia Thuan', N'040204563258', 20, CAST(N'2001-02-10' AS Date), N'Nam', N'99 Xo Viet Nghe Tinh P26 Q1 TPHCM', 0, N'Quoc Te', N'12002', N'2019-2022')
INSERT [dbo].[SINHVIEN] ([MASV], [HOSV], [TENSV], [CMND], [TUOI], [NAMSINH], [PHAI], [DIACHI], [CONGNO], [LHDT], [MALOP], [KHOAHOC]) VALUES (N'20016', N'Duong', N'Anh Tien', N'040414952555', 20, CAST(N'2002-05-30' AS Date), N'Nam', N'310 An Duong Vuong P9 Q5 TPHCM', 0, N'Quoc Te', N'12002', N'2020-2023')
INSERT [dbo].[SINHVIEN] ([MASV], [HOSV], [TENSV], [CMND], [TUOI], [NAMSINH], [PHAI], [DIACHI], [CONGNO], [LHDT], [MALOP], [KHOAHOC]) VALUES (N'20017', N'Nguyen', N'Dang Khoa', N'040414945485', 20, CAST(N'2002-04-28' AS Date), N'Nam', N'1150 Nguyen Trai P5 Q5 TPHCM', 0, N'Quoc Te', N'12002', N'2020-2023')
INSERT [dbo].[SINHVIEN] ([MASV], [HOSV], [TENSV], [CMND], [TUOI], [NAMSINH], [PHAI], [DIACHI], [CONGNO], [LHDT], [MALOP], [KHOAHOC]) VALUES (N'20018', N'Vo', N'Huu Tai', N'040414952665', 20, CAST(N'2002-06-30' AS Date), N'Nam', N'22 Ta Quang Buu P9 Q8 TPHCM', 0, N'Quoc Te', N'12002', N'2020-2023')
INSERT [dbo].[SINHVIEN] ([MASV], [HOSV], [TENSV], [CMND], [TUOI], [NAMSINH], [PHAI], [DIACHI], [CONGNO], [LHDT], [MALOP], [KHOAHOC]) VALUES (N'20019', N'Nguyen', N'Minh Tuan', N'040444952487', 20, CAST(N'2002-07-05' AS Date), N'Nam', N'88 Cay Da P14 Q8 TPHCM', 0, N'Quoc Te', N'12002', N'2020-2023')
INSERT [dbo].[SINHVIEN] ([MASV], [HOSV], [TENSV], [CMND], [TUOI], [NAMSINH], [PHAI], [DIACHI], [CONGNO], [LHDT], [MALOP], [KHOAHOC]) VALUES (N'20020', N'Tran', N'Thanh Quang', N'040415952485', 20, CAST(N'2002-04-04' AS Date), N'Nam', N'48 Ta Quang Buu P9 Q8 TPHCM', 0, N'Quoc Te', N'12002', N'2020-2023')
INSERT [dbo].[SINHVIEN] ([MASV], [HOSV], [TENSV], [CMND], [TUOI], [NAMSINH], [PHAI], [DIACHI], [CONGNO], [LHDT], [MALOP], [KHOAHOC]) VALUES (N'20021', N'Pham', N'Tuan Khoa', N'040414946485', 20, CAST(N'2002-08-09' AS Date), N'Nam', N'103 Pham Ngu Lao P5 Q1 TPHCM', 0, N'Quoc Te', N'12002', N'2020-2023')
INSERT [dbo].[SINHVIEN] ([MASV], [HOSV], [TENSV], [CMND], [TUOI], [NAMSINH], [PHAI], [DIACHI], [CONGNO], [LHDT], [MALOP], [KHOAHOC]) VALUES (N'20022', N'Nguyen', N'Ngoc Quynh Nhung', N'040423952484', 20, CAST(N'2002-10-27' AS Date), N'Nu', N'100 Tuy Ly Vuong P13 Q8 TPHCM', 0, N'Quoc Te', N'12002', N'2020-2023')
INSERT [dbo].[SINHVIEN] ([MASV], [HOSV], [TENSV], [CMND], [TUOI], [NAMSINH], [PHAI], [DIACHI], [CONGNO], [LHDT], [MALOP], [KHOAHOC]) VALUES (N'20023', N'Le', N'Nguyen Bao Ngan', N'040414932489', 20, CAST(N'2002-10-10' AS Date), N'Nu', N'7 Nguyen Thien Thuat P1 Q3 TPHCM', 0, N'Quoc Te', N'12003', N'2020-2023')
INSERT [dbo].[SINHVIEN] ([MASV], [HOSV], [TENSV], [CMND], [TUOI], [NAMSINH], [PHAI], [DIACHI], [CONGNO], [LHDT], [MALOP], [KHOAHOC]) VALUES (N'20024', N'Lam', N'Hoang Tan', N'040414952895', 20, CAST(N'2002-05-03' AS Date), N'Nam', N'30 An Duong Vuong P9 Q5 TPHCM', 0, N'Quoc Te', N'12003', N'2020-2023')
INSERT [dbo].[SINHVIEN] ([MASV], [HOSV], [TENSV], [CMND], [TUOI], [NAMSINH], [PHAI], [DIACHI], [CONGNO], [LHDT], [MALOP], [KHOAHOC]) VALUES (N'20025', N'Nguyen', N'Ha Tuyet Linh', N'040414952494', 20, CAST(N'2002-08-20' AS Date), N'Nu', N'32 Ta Quang Buu P9 Q8 TPHCM', 0, N'Quoc Te', N'12003', N'2020-2023')
INSERT [dbo].[SINHVIEN] ([MASV], [HOSV], [TENSV], [CMND], [TUOI], [NAMSINH], [PHAI], [DIACHI], [CONGNO], [LHDT], [MALOP], [KHOAHOC]) VALUES (N'20026', N'Nguyen', N'Viet Hung', N'0404149524835', 20, CAST(N'2002-07-31' AS Date), N'Nam', N'992 Nguyen Duy P12 Q8 TPHCM', 0, N'Quoc Te', N'12003', N'2020-2023')
INSERT [dbo].[SINHVIEN] ([MASV], [HOSV], [TENSV], [CMND], [TUOI], [NAMSINH], [PHAI], [DIACHI], [CONGNO], [LHDT], [MALOP], [KHOAHOC]) VALUES (N'20027', N'Nguyen', N'Trong Tuyen', N'040414152471', 20, CAST(N'2002-12-31' AS Date), N'Nam', N'02 Nguyen Trai P11 Q5 TPHCM', 0, N'Quoc Te', N'12003', N'2020-2023')
INSERT [dbo].[SINHVIEN] ([MASV], [HOSV], [TENSV], [CMND], [TUOI], [NAMSINH], [PHAI], [DIACHI], [CONGNO], [LHDT], [MALOP], [KHOAHOC]) VALUES (N'20028', N'Truong', N'Quang Khoi', N'040414959875', 20, CAST(N'2002-11-28' AS Date), N'Nam', N'22 Nguyen Chi Thanh P12 Q5 TPHCM', 0, N'Quoc Te', N'12003', N'2020-2023')
INSERT [dbo].[SINHVIEN] ([MASV], [HOSV], [TENSV], [CMND], [TUOI], [NAMSINH], [PHAI], [DIACHI], [CONGNO], [LHDT], [MALOP], [KHOAHOC]) VALUES (N'20029', N'Nguyen', N'Xuan Thao', N'040414952645', 20, CAST(N'2002-07-28' AS Date), N'Nu', N'15 Cay Da P14 Q8 TPHCM', 0, N'Quoc Te', N'12003', N'2020-2023')
INSERT [dbo].[SINHVIEN] ([MASV], [HOSV], [TENSV], [CMND], [TUOI], [NAMSINH], [PHAI], [DIACHI], [CONGNO], [LHDT], [MALOP], [KHOAHOC]) VALUES (N'20030', N'Luc', N'Minh Dung', N'040414948928', 20, CAST(N'2001-04-30' AS Date), N'Nam', N'631 Xo Viet Nghe Tinh P26 Q1 TPHCM', 0, N'Quoc Te', N'12003', N'2020-2023')
INSERT [dbo].[SINHVIEN] ([MASV], [HOSV], [TENSV], [CMND], [TUOI], [NAMSINH], [PHAI], [DIACHI], [CONGNO], [LHDT], [MALOP], [KHOAHOC]) VALUES (N'20031', N'Truong', N'Thuy Thuy Trang', N'0404569524853', 20, CAST(N'2002-05-10' AS Date), N'Nu', N'300 Ly Thuong Kiet PDakao Q1 TPHCM', 0, N'Quoc Te', N'12003', N'2020-2023')
INSERT [dbo].[SINHVIEN] ([MASV], [HOSV], [TENSV], [CMND], [TUOI], [NAMSINH], [PHAI], [DIACHI], [CONGNO], [LHDT], [MALOP], [KHOAHOC]) VALUES (N'20032', N'Tran', N'Minh Hoi', N'040414952481', 20, CAST(N'2002-06-13' AS Date), N'Nam', N'15 Cay Da P14 Q8 TPHCM', 22600000, N'Quoc Te', N'12004', N'2020-2023')
INSERT [dbo].[SINHVIEN] ([MASV], [HOSV], [TENSV], [CMND], [TUOI], [NAMSINH], [PHAI], [DIACHI], [CONGNO], [LHDT], [MALOP], [KHOAHOC]) VALUES (N'20033', N'Nguyen', N'Van Phu', N'040414952211', 20, CAST(N'2002-01-02' AS Date), N'Nam', N'556 Nguyen Trai P5 Q5 TPHCM', 0, N'Quoc Te', N'12004', N'2020-2023')
INSERT [dbo].[SINHVIEN] ([MASV], [HOSV], [TENSV], [CMND], [TUOI], [NAMSINH], [PHAI], [DIACHI], [CONGNO], [LHDT], [MALOP], [KHOAHOC]) VALUES (N'20034', N'Le', N'Ngoc Han', N'040414952652', 20, CAST(N'2002-04-07' AS Date), N'Nu', N'1102 Nguyen Trai P11 Q5 TPHCM', 12880000, N'Quoc Te', N'12004', N'2020-2023')
INSERT [dbo].[SINHVIEN] ([MASV], [HOSV], [TENSV], [CMND], [TUOI], [NAMSINH], [PHAI], [DIACHI], [CONGNO], [LHDT], [MALOP], [KHOAHOC]) VALUES (N'20035', N'Nguyen', N'Trung Tin', N'040414952741', 20, CAST(N'2002-03-11' AS Date), N'Nam', N'263 Nhat Tao P7 Q10 TPHCM', 0, N'Quoc Te', N'12004', N'2020-2023')
INSERT [dbo].[SINHVIEN] ([MASV], [HOSV], [TENSV], [CMND], [TUOI], [NAMSINH], [PHAI], [DIACHI], [CONGNO], [LHDT], [MALOP], [KHOAHOC]) VALUES (N'20036', N'Tran', N'Ngoc Cuong', N'040414953569', 20, CAST(N'2002-02-22' AS Date), N'Nam', N'300 Nguyen Che Nghia P12 Q8 TPHCM', 19200000, N'Quoc Te', N'12004', N'2020-2023')
INSERT [dbo].[SINHVIEN] ([MASV], [HOSV], [TENSV], [CMND], [TUOI], [NAMSINH], [PHAI], [DIACHI], [CONGNO], [LHDT], [MALOP], [KHOAHOC]) VALUES (N'20037', N'Le', N'Manh Hung', N'040414954789', 20, CAST(N'2002-07-23' AS Date), N'Nam', N'385 Nguyen Duy P12 Q8 TPHCM', 0, N'Quoc Te', N'12004', N'2020-2023')
INSERT [dbo].[SINHVIEN] ([MASV], [HOSV], [TENSV], [CMND], [TUOI], [NAMSINH], [PHAI], [DIACHI], [CONGNO], [LHDT], [MALOP], [KHOAHOC]) VALUES (N'20038', N'Le', N'Trong Hieu', N'040411579524', 20, CAST(N'2002-05-17' AS Date), N'Nam', N'256 Nguyen Chi Thanh P12 Q5 TPHCM', 21800000, N'Quoc Te', N'12004', N'2020-2023')
INSERT [dbo].[SINHVIEN] ([MASV], [HOSV], [TENSV], [CMND], [TUOI], [NAMSINH], [PHAI], [DIACHI], [CONGNO], [LHDT], [MALOP], [KHOAHOC]) VALUES (N'20039', N'Nguyen', N'Bich Hong', N'040411545124', 20, CAST(N'2002-05-21' AS Date), N'Nam', N'8 Vo Van Tan P6 Q3 TPHCM', 0, N'Quoc Te', N'12011', N'2020-2023')
INSERT [dbo].[SINHVIEN] ([MASV], [HOSV], [TENSV], [CMND], [TUOI], [NAMSINH], [PHAI], [DIACHI], [CONGNO], [LHDT], [MALOP], [KHOAHOC]) VALUES (N'20040', N'Nguyen', N'Thi Mai', N'040411652524', 20, CAST(N'2002-07-22' AS Date), N'Nam', N'43 Nguyen Thong P6 Q3 TPHCM', 21800000, N'Quoc Te', N'12011', N'2020-2023')
INSERT [dbo].[SINHVIEN] ([MASV], [HOSV], [TENSV], [CMND], [TUOI], [NAMSINH], [PHAI], [DIACHI], [CONGNO], [LHDT], [MALOP], [KHOAHOC]) VALUES (N'20041', N'Pham ', N'Van Sinh', N'040411579351', 20, CAST(N'2002-06-19' AS Date), N'Nam', N'33 To Hien Thanh P15 Q10 TPHCM', 0, N'Quoc Te', N'12011', N'2020-2023')
INSERT [dbo].[SINHVIEN] ([MASV], [HOSV], [TENSV], [CMND], [TUOI], [NAMSINH], [PHAI], [DIACHI], [CONGNO], [LHDT], [MALOP], [KHOAHOC]) VALUES (N'20042', N'Tran', N'Van Cung', N'040411574759', 20, CAST(N'2002-01-02' AS Date), N'Nam', N'01 Hung Vuong P2 Q10 TPHCM', 0, N'Quoc Te', N'12011', N'2020-2023')
INSERT [dbo].[SINHVIEN] ([MASV], [HOSV], [TENSV], [CMND], [TUOI], [NAMSINH], [PHAI], [DIACHI], [CONGNO], [LHDT], [MALOP], [KHOAHOC]) VALUES (N'20043', N'Luu', N'Tan Phat', N'040411571586', 20, CAST(N'2002-09-28' AS Date), N'Nam', N'25 Nguyen Van Cu P2 Q5 TPHCM', 0, N'Quoc Te', N'12011', N'2020-2023')
INSERT [dbo].[SINHVIEN] ([MASV], [HOSV], [TENSV], [CMND], [TUOI], [NAMSINH], [PHAI], [DIACHI], [CONGNO], [LHDT], [MALOP], [KHOAHOC]) VALUES (N'20044', N'Le', N'Manh Hoai', N'040411571125', 20, CAST(N'2002-02-17' AS Date), N'Nam', N'89 Ba Dinh P10 Q8 TPHCM', 21800000, N'Quoc Te', N'12011', N'2020-2023')
INSERT [dbo].[SINHVIEN] ([MASV], [HOSV], [TENSV], [CMND], [TUOI], [NAMSINH], [PHAI], [DIACHI], [CONGNO], [LHDT], [MALOP], [KHOAHOC]) VALUES (N'20045', N'Phong', N'Vinh Kiet', N'040411571365', 20, CAST(N'2002-08-17' AS Date), N'Nam', N'15 An Binh P6 Q5 TPHCM', 0, N'Quoc Te', N'12011', N'2020-2023')
INSERT [dbo].[SINHVIEN] ([MASV], [HOSV], [TENSV], [CMND], [TUOI], [NAMSINH], [PHAI], [DIACHI], [CONGNO], [LHDT], [MALOP], [KHOAHOC]) VALUES (N'20047', N'Chu', N'Van An', N'040411572330', 20, CAST(N'2002-12-17' AS Date), N'Nam', N'12/C3 Pham Hung P.Binh Hung Q.Binh Chanh TPHCM', 0, N'Quoc Te', N'12011', N'2020-2023')
INSERT [dbo].[SINHVIEN] ([MASV], [HOSV], [TENSV], [CMND], [TUOI], [NAMSINH], [PHAI], [DIACHI], [CONGNO], [LHDT], [MALOP], [KHOAHOC]) VALUES (N'20048', N'Nguyen', N'Minh Tri', N'040411579850', 20, CAST(N'2002-11-07' AS Date), N'Nam', N'196 Bui Minh Truc P5 Q8 TPHCM', 17600000, N'Quoc Te', N'12011', N'2020-2023')
INSERT [dbo].[SINHVIEN] ([MASV], [HOSV], [TENSV], [CMND], [TUOI], [NAMSINH], [PHAI], [DIACHI], [CONGNO], [LHDT], [MALOP], [KHOAHOC]) VALUES (N'20049', N'Mai', N'Kim Tri', N'040411574100', 20, CAST(N'2002-09-12' AS Date), N'Nam', N'TPHCM', 0, N'Quoc Te', N'12012', N'2020-2023')
INSERT [dbo].[SINHVIEN] ([MASV], [HOSV], [TENSV], [CMND], [TUOI], [NAMSINH], [PHAI], [DIACHI], [CONGNO], [LHDT], [MALOP], [KHOAHOC]) VALUES (N'20050', N'Thai', N'Vinh Thinh', N'040411571230', 20, CAST(N'2002-07-17' AS Date), N'Nam', N'999 Pham The Hien P5 Q8 TPHCM', 16800000, N'Quoc Te', N'12012', N'2020-2023')
INSERT [dbo].[SINHVIEN] ([MASV], [HOSV], [TENSV], [CMND], [TUOI], [NAMSINH], [PHAI], [DIACHI], [CONGNO], [LHDT], [MALOP], [KHOAHOC]) VALUES (N'20051', N'Doan', N'Minh Phuong', N'040411579530', 20, CAST(N'2002-04-30' AS Date), N'Nam', N'436 Nguyen Duy P10 Q8 TPHCM', 0, N'Quoc Te', N'12012', N'2020-2023')
INSERT [dbo].[SINHVIEN] ([MASV], [HOSV], [TENSV], [CMND], [TUOI], [NAMSINH], [PHAI], [DIACHI], [CONGNO], [LHDT], [MALOP], [KHOAHOC]) VALUES (N'20052', N'Pham', N'Minh Nhat', N'040411574560', 20, CAST(N'2002-05-01' AS Date), N'Nam', N'158 Pham Hung P5 Q8 TPHCM', 18400000, N'Quoc Te', N'12012', N'2020-2023')
INSERT [dbo].[SINHVIEN] ([MASV], [HOSV], [TENSV], [CMND], [TUOI], [NAMSINH], [PHAI], [DIACHI], [CONGNO], [LHDT], [MALOP], [KHOAHOC]) VALUES (N'20053', N'Tran', N'Phuoc An', N'040411577788', 20, CAST(N'2002-12-07' AS Date), N'Nam', N'10 Dao Cam Moc P4 Q8 TPHCM', 0, N'Quoc Te', N'12012', N'2020-2023')
INSERT [dbo].[SINHVIEN] ([MASV], [HOSV], [TENSV], [CMND], [TUOI], [NAMSINH], [PHAI], [DIACHI], [CONGNO], [LHDT], [MALOP], [KHOAHOC]) VALUES (N'20054', N'Trieu', N'Quoc Viet', N'040411571255', 20, CAST(N'2002-06-04' AS Date), N'Nam', N'56 Ben Binh Dong P11 Q8 TPHCM', 16800000, N'Quoc Te', N'12012', N'2020-2023')
INSERT [dbo].[SINHVIEN] ([MASV], [HOSV], [TENSV], [CMND], [TUOI], [NAMSINH], [PHAI], [DIACHI], [CONGNO], [LHDT], [MALOP], [KHOAHOC]) VALUES (N'20055', N'Truong', N'Tuan Khai', N'040411573266', 20, CAST(N'2002-07-03' AS Date), N'Nam', N'619 Hung Phu P9 Q8 TPHCM', 0, N'Quoc Te', N'12012', N'2020-2023')
INSERT [dbo].[SINHVIEN] ([MASV], [HOSV], [TENSV], [CMND], [TUOI], [NAMSINH], [PHAI], [DIACHI], [CONGNO], [LHDT], [MALOP], [KHOAHOC]) VALUES (N'20056', N'Dao', N'Duy Tu', N'040411571477', 20, CAST(N'2002-09-21' AS Date), N'Nam', N'104 Uu Long P11 Q8 TPHCM', 17600000, N'Quoc Te', N'12012', N'2020-2023')
INSERT [dbo].[SINHVIEN] ([MASV], [HOSV], [TENSV], [CMND], [TUOI], [NAMSINH], [PHAI], [DIACHI], [CONGNO], [LHDT], [MALOP], [KHOAHOC]) VALUES (N'20057', N'Le', N'Bao Binh', N'040411579844', 20, CAST(N'2002-11-11' AS Date), N'Nam', N'19 Mai Am P9 Q8 TPHCM', 0, N'Quoc Te', N'12012', N'2020-2023')
INSERT [dbo].[SINHVIEN] ([MASV], [HOSV], [TENSV], [CMND], [TUOI], [NAMSINH], [PHAI], [DIACHI], [CONGNO], [LHDT], [MALOP], [KHOAHOC]) VALUES (N'20058', N'Tien', N'Van Bao', N'040411571478', 20, CAST(N'2002-12-30' AS Date), N'Nam', N'61 Tran Tuan Khai P5 Q5 TPHCM', 18400000, N'Quoc Te', N'12012', N'2020-2023')
INSERT [dbo].[SINHVIEN] ([MASV], [HOSV], [TENSV], [CMND], [TUOI], [NAMSINH], [PHAI], [DIACHI], [CONGNO], [LHDT], [MALOP], [KHOAHOC]) VALUES (N'20059', N'Quach', N'Buu Co', N'040414556524', 20, CAST(N'2002-02-14' AS Date), N'Nam', N'978 Ham Tu P6 Q5 TPHCM', 0, N'Quoc Te', N'12012', N'2020-2023')
INSERT [dbo].[SINHVIEN] ([MASV], [HOSV], [TENSV], [CMND], [TUOI], [NAMSINH], [PHAI], [DIACHI], [CONGNO], [LHDT], [MALOP], [KHOAHOC]) VALUES (N'20060', N'Ngo', N'Trong Tuong', N'040411598452', 20, CAST(N'2002-03-08' AS Date), N'Nam', N'34 Dao Tan P5 Q5 TPHCM', 18400000, N'Quoc Te', N'12012', N'2020-2023')
INSERT [dbo].[SINHVIEN] ([MASV], [HOSV], [TENSV], [CMND], [TUOI], [NAMSINH], [PHAI], [DIACHI], [CONGNO], [LHDT], [MALOP], [KHOAHOC]) VALUES (N'20061', N'Ton', N'Gia Kiet', N'0404149524637', 20, CAST(N'2001-02-06' AS Date), N'Nam', N'1 Quang Trung P14 Q.Go Vap TPHCM', 0, N'Quoc Te', N'12001', N'2020-2023')
INSERT [dbo].[SINHVIEN] ([MASV], [HOSV], [TENSV], [CMND], [TUOI], [NAMSINH], [PHAI], [DIACHI], [CONGNO], [LHDT], [MALOP], [KHOAHOC]) VALUES (N'20062', N'Truong', N'Gia Bao', N'0404149524682', 20, CAST(N'2001-02-08' AS Date), N'Nam', N'159 To Ngoc Van P1 Q12 TPHCM', 0, N'Quoc Te', N'12001', N'2019-2022')
INSERT [dbo].[SINHVIEN] ([MASV], [HOSV], [TENSV], [CMND], [TUOI], [NAMSINH], [PHAI], [DIACHI], [CONGNO], [LHDT], [MALOP], [KHOAHOC]) VALUES (N'20063', N'Tran', N'Chau', N'0404149524629', 20, CAST(N'2001-02-25' AS Date), N'Nam', N'710 Nguyen Trai P11 Q5 TPHCM', 0, N'Quoc Te', N'12001', N'2019-2022')
INSERT [dbo].[SINHVIEN] ([MASV], [HOSV], [TENSV], [CMND], [TUOI], [NAMSINH], [PHAI], [DIACHI], [CONGNO], [LHDT], [MALOP], [KHOAHOC]) VALUES (N'20064', N'Duong', N'Dinh Nhue', N'0404149524710', 20, CAST(N'2001-04-13' AS Date), N'Nam', N'52 Ho Thi Ky P1 Q10 TPHCM', 0, N'Quoc Te', N'12002', N'2020-2023')
INSERT [dbo].[SINHVIEN] ([MASV], [HOSV], [TENSV], [CMND], [TUOI], [NAMSINH], [PHAI], [DIACHI], [CONGNO], [LHDT], [MALOP], [KHOAHOC]) VALUES (N'20065', N'Nguyen', N'Trung Tin', N'0404149524722', 20, CAST(N'2001-09-28' AS Date), N'Nam', N'664 Nguyen Dinh Chieu P3 Q3 TPHCM', 0, N'Quoc Te', N'12002', N'2019-2022')
INSERT [dbo].[SINHVIEN] ([MASV], [HOSV], [TENSV], [CMND], [TUOI], [NAMSINH], [PHAI], [DIACHI], [CONGNO], [LHDT], [MALOP], [KHOAHOC]) VALUES (N'20066', N'Pham', N'Gia Han', N'0404149524783', 20, CAST(N'2001-02-16' AS Date), N'Nu', N'357 Nguyen Thien Thuat P1 Q3 TPHCM', 0, N'Quoc Te', N'12002', N'2019-2022')
INSERT [dbo].[SINHVIEN] ([MASV], [HOSV], [TENSV], [CMND], [TUOI], [NAMSINH], [PHAI], [DIACHI], [CONGNO], [LHDT], [MALOP], [KHOAHOC]) VALUES (N'20067', N'Ly', N'Thua An', N'0404149524573', 20, CAST(N'2001-02-17' AS Date), N'Nam', N'189 Nguyen Chi Thanh P12 Q5 TPHCM', 0, N'Quoc Te', N'12003', N'2020-2023')
INSERT [dbo].[SINHVIEN] ([MASV], [HOSV], [TENSV], [CMND], [TUOI], [NAMSINH], [PHAI], [DIACHI], [CONGNO], [LHDT], [MALOP], [KHOAHOC]) VALUES (N'20068', N'Nguyen', N'Khanh Tien', N'0404149524803', 20, CAST(N'2001-02-26' AS Date), N'Nu', N'55 Nhat Tao P7 Q10 TPHCM', 0, N'Quoc Te', N'12003', N'2020-2023')
INSERT [dbo].[SINHVIEN] ([MASV], [HOSV], [TENSV], [CMND], [TUOI], [NAMSINH], [PHAI], [DIACHI], [CONGNO], [LHDT], [MALOP], [KHOAHOC]) VALUES (N'20069', N'Tran', N'Thai Toan', N'0404149524853', 20, CAST(N'2001-04-30' AS Date), N'Nam', N'5 Cay Da P14 Q8 TPHCM', 0, N'Quoc Te', N'12003', N'2020-2023')
INSERT [dbo].[SINHVIEN] ([MASV], [HOSV], [TENSV], [CMND], [TUOI], [NAMSINH], [PHAI], [DIACHI], [CONGNO], [LHDT], [MALOP], [KHOAHOC]) VALUES (N'20070', N'Le', N'Cat Trong Ly', N'040411547250', 20, CAST(N'2002-04-11' AS Date), N'Nam', N'78 Bach Van P5 Q5 TPHCM', 0, N'Quoc Te', N'12004', N'2020-2023')
INSERT [dbo].[SINHVIEN] ([MASV], [HOSV], [TENSV], [CMND], [TUOI], [NAMSINH], [PHAI], [DIACHI], [CONGNO], [LHDT], [MALOP], [KHOAHOC]) VALUES (N'20071', N'Nguyen', N'Tu Anh', N'040414952451', 20, CAST(N'2001-02-24' AS Date), N'Nu', N'66/4 Cao Dat P7 Q 5 TPHCM', 0, N'Quoc Te', N'12004', N'2019-2022')
INSERT [dbo].[SINHVIEN] ([MASV], [HOSV], [TENSV], [CMND], [TUOI], [NAMSINH], [PHAI], [DIACHI], [CONGNO], [LHDT], [MALOP], [KHOAHOC]) VALUES (N'20072', N'Nguyen', N'Tan Hung ', N'040414952452', 20, CAST(N'2001-03-24' AS Date), N'Nam', N'135 Nguyen Che Nghia P12 Q8 TPHCM', 0, N'Quoc Te', N'12004', N'2019-2022')
INSERT [dbo].[SINHVIEN] ([MASV], [HOSV], [TENSV], [CMND], [TUOI], [NAMSINH], [PHAI], [DIACHI], [CONGNO], [LHDT], [MALOP], [KHOAHOC]) VALUES (N'20073', N'Tran', N'Giang Nam', N'040414952453', 20, CAST(N'2001-04-24' AS Date), N'Nam', N'19 Luong Van Can P15 Q 8 TPHCM', 0, N'Quoc Te', N'12006', N'2019-2022')
INSERT [dbo].[SINHVIEN] ([MASV], [HOSV], [TENSV], [CMND], [TUOI], [NAMSINH], [PHAI], [DIACHI], [CONGNO], [LHDT], [MALOP], [KHOAHOC]) VALUES (N'20074', N'Nguyen', N'Quoc Tai ', N'040414952454', 20, CAST(N'2001-05-24' AS Date), N'Nam', N'255 Tuy Ly Vuong P13 Q8 TPHCM', 0, N'Quoc Te', N'12006', N'2019-2022')
INSERT [dbo].[SINHVIEN] ([MASV], [HOSV], [TENSV], [CMND], [TUOI], [NAMSINH], [PHAI], [DIACHI], [CONGNO], [LHDT], [MALOP], [KHOAHOC]) VALUES (N'20075', N'Gip', N'Xuong Vinh', N'040414952455', 20, CAST(N'2001-06-24' AS Date), N'Nam', N'362 Tung Thien Vuong P12 Q8 TPHCM', 0, N'Quoc Te', N'12006', N'2019-2022')
INSERT [dbo].[SINHVIEN] ([MASV], [HOSV], [TENSV], [CMND], [TUOI], [NAMSINH], [PHAI], [DIACHI], [CONGNO], [LHDT], [MALOP], [KHOAHOC]) VALUES (N'20076', N'La', N'Tieu Quyen', N'040414952456', 20, CAST(N'2001-07-24' AS Date), N'Nu', N'833 Pham The Hien P4 Q8 TPHCM', 0, N'Quoc Te', N'12006', N'2019-2022')
INSERT [dbo].[SINHVIEN] ([MASV], [HOSV], [TENSV], [CMND], [TUOI], [NAMSINH], [PHAI], [DIACHI], [CONGNO], [LHDT], [MALOP], [KHOAHOC]) VALUES (N'20077', N'Vo', N'Yen Ngan', N'0404149524590', 20, CAST(N'2001-08-24' AS Date), N'Nu', N'86 Pham Hung P Binh Hung Binh Chanh  TPHCM', 0, N'Quoc Te', N'12006', N'2019-2022')
INSERT [dbo].[SINHVIEN] ([MASV], [HOSV], [TENSV], [CMND], [TUOI], [NAMSINH], [PHAI], [DIACHI], [CONGNO], [LHDT], [MALOP], [KHOAHOC]) VALUES (N'20078', N'To', N'Phuoc Thinh ', N'041414952450', 20, CAST(N'2001-09-24' AS Date), N'Nam', N'77/5 Cao Lo P7 Q8 TPHCM', 0, N'Quoc Te', N'12006', N'2019-2022')
INSERT [dbo].[SINHVIEN] ([MASV], [HOSV], [TENSV], [CMND], [TUOI], [NAMSINH], [PHAI], [DIACHI], [CONGNO], [LHDT], [MALOP], [KHOAHOC]) VALUES (N'20079', N'Tran', N'Phuong Uyen', N'040414952460', 20, CAST(N'2001-10-24' AS Date), N'Nu', N'22 Ta Quang Buu P9 Q8 TPHCM', 0, N'Quoc Te', N'12006', N'2019-2022')
INSERT [dbo].[SINHVIEN] ([MASV], [HOSV], [TENSV], [CMND], [TUOI], [NAMSINH], [PHAI], [DIACHI], [CONGNO], [LHDT], [MALOP], [KHOAHOC]) VALUES (N'20080', N'Le', N'Bao Ngoc', N'040414952461', 20, CAST(N'2001-11-24' AS Date), N'Nu', N'390 An Duong Vuong P9 Q5 TPHCM', 0, N'Quoc Te', N'12006', N'2019-2022')
INSERT [dbo].[SINHVIEN] ([MASV], [HOSV], [TENSV], [CMND], [TUOI], [NAMSINH], [PHAI], [DIACHI], [CONGNO], [LHDT], [MALOP], [KHOAHOC]) VALUES (N'20081', N'Truong', N'Thao Duyen', N'040414952462', 20, CAST(N'2001-12-24' AS Date), N'Nu', N'56 Ly Thuong Kiet P12 Q.Go Vap TPHCM', 0, N'Quoc Te', N'12006', N'2020-2023')
INSERT [dbo].[SINHVIEN] ([MASV], [HOSV], [TENSV], [CMND], [TUOI], [NAMSINH], [PHAI], [DIACHI], [CONGNO], [LHDT], [MALOP], [KHOAHOC]) VALUES (N'20082', N'Truong', N'Bao Nhi', N'040414952463', 20, CAST(N'2001-01-07' AS Date), N'Nu', N'98 Phan Huy Ich P12 Q.Go Vap TPHCM', 0, N'Quoc Te', N'12006', N'2019-2022')
INSERT [dbo].[SINHVIEN] ([MASV], [HOSV], [TENSV], [CMND], [TUOI], [NAMSINH], [PHAI], [DIACHI], [CONGNO], [LHDT], [MALOP], [KHOAHOC]) VALUES (N'20083', N'Nguyen', N'Phuong Thao', N'040414952464', 20, CAST(N'2001-01-02' AS Date), N'Nu', N'12 Duong Thi Muoi P12 Q12 TPHCM', 0, N'Quoc Te', N'12011', N'2020-2023')
INSERT [dbo].[SINHVIEN] ([MASV], [HOSV], [TENSV], [CMND], [TUOI], [NAMSINH], [PHAI], [DIACHI], [CONGNO], [LHDT], [MALOP], [KHOAHOC]) VALUES (N'20084', N'Truong', N'Que Nghi', N'040414952465', 20, CAST(N'2001-12-04' AS Date), N'Nu', N'97 Nguyen Anh Thu P.Tan Chanh Hiep Q12 TPHCM', 0, N'Quoc Te', N'12005', N'2019-2022')
INSERT [dbo].[SINHVIEN] ([MASV], [HOSV], [TENSV], [CMND], [TUOI], [NAMSINH], [PHAI], [DIACHI], [CONGNO], [LHDT], [MALOP], [KHOAHOC]) VALUES (N'20085', N'Kieu', N'Nguyet Nga ', N'040414952466', 20, CAST(N'2001-02-24' AS Date), N'Nu', N'77 Truong Chinh P. Tan Thoi Nhat Q12 TPHCM', 0, N'Quoc Te', N'12012', N'2019-2022')
INSERT [dbo].[SINHVIEN] ([MASV], [HOSV], [TENSV], [CMND], [TUOI], [NAMSINH], [PHAI], [DIACHI], [CONGNO], [LHDT], [MALOP], [KHOAHOC]) VALUES (N'20086', N'Ton', N'Gia Kiet', N'040414952467', 20, CAST(N'2001-02-06' AS Date), N'Nam', N'1 Quang Trung P14 Q.Go Vap TPHCM', 0, N'Quoc Te', N'12005', N'2020-2023')
INSERT [dbo].[SINHVIEN] ([MASV], [HOSV], [TENSV], [CMND], [TUOI], [NAMSINH], [PHAI], [DIACHI], [CONGNO], [LHDT], [MALOP], [KHOAHOC]) VALUES (N'20087', N'Truong', N'Gia Bao', N'040414952468', 20, CAST(N'2001-02-08' AS Date), N'Nam', N'159 To Ngoc Van P1 Q12 TPHCM', 0, N'Quoc Te', N'12005', N'2019-2022')
INSERT [dbo].[SINHVIEN] ([MASV], [HOSV], [TENSV], [CMND], [TUOI], [NAMSINH], [PHAI], [DIACHI], [CONGNO], [LHDT], [MALOP], [KHOAHOC]) VALUES (N'20088', N'Tran', N'Chau', N'040414952469', 20, CAST(N'2001-02-25' AS Date), N'Nam', N'710 Nguyen Trai P11 Q5 TPHCM', 0, N'Quoc Te', N'12005', N'2019-2022')
INSERT [dbo].[SINHVIEN] ([MASV], [HOSV], [TENSV], [CMND], [TUOI], [NAMSINH], [PHAI], [DIACHI], [CONGNO], [LHDT], [MALOP], [KHOAHOC]) VALUES (N'20089', N'Duong', N'Dinh Nhue', N'040414952470', 20, CAST(N'2001-04-13' AS Date), N'Nam', N'52 Ho Thi Ky P1 Q10 TPHCM', 0, N'Quoc Te', N'12005', N'2020-2023')
INSERT [dbo].[SINHVIEN] ([MASV], [HOSV], [TENSV], [CMND], [TUOI], [NAMSINH], [PHAI], [DIACHI], [CONGNO], [LHDT], [MALOP], [KHOAHOC]) VALUES (N'20090', N'Nguyen', N'Trung Tin', N'040414952472', 20, CAST(N'2001-09-28' AS Date), N'Nam', N'664 Nguyen Dinh Chieu P3 Q3 TPHCM', 0, N'Quoc Te', N'12003', N'2019-2022')
INSERT [dbo].[SINHVIEN] ([MASV], [HOSV], [TENSV], [CMND], [TUOI], [NAMSINH], [PHAI], [DIACHI], [CONGNO], [LHDT], [MALOP], [KHOAHOC]) VALUES (N'20091', N'Pham', N'Gia Han', N'040414952478', 20, CAST(N'2001-02-16' AS Date), N'Nu', N'357 Nguyen Thien Thuat P1 Q3 TPHCM', 0, N'Quoc Te', N'12005', N'2019-2022')
INSERT [dbo].[SINHVIEN] ([MASV], [HOSV], [TENSV], [CMND], [TUOI], [NAMSINH], [PHAI], [DIACHI], [CONGNO], [LHDT], [MALOP], [KHOAHOC]) VALUES (N'20092', N'Ly', N'Thua An', N'0414149524579', 20, CAST(N'2001-02-17' AS Date), N'Nam', N'189 Nguyen Chi Thanh P12 Q5 TPHCM', 0, N'Quoc Te', N'12005', N'2020-2023')
INSERT [dbo].[SINHVIEN] ([MASV], [HOSV], [TENSV], [CMND], [TUOI], [NAMSINH], [PHAI], [DIACHI], [CONGNO], [LHDT], [MALOP], [KHOAHOC]) VALUES (N'20093', N'Nguyen', N'Khanh Tien', N'040414952480', 20, CAST(N'2001-02-26' AS Date), N'Nu', N'55 Nhat Tao P7 Q10 TPHCM', 0, N'Quoc Te', N'12005', N'2020-2023')
INSERT [dbo].[SINHVIEN] ([MASV], [HOSV], [TENSV], [CMND], [TUOI], [NAMSINH], [PHAI], [DIACHI], [CONGNO], [LHDT], [MALOP], [KHOAHOC]) VALUES (N'20094', N'Tran', N'Thai Toan', N'040414952485', 20, CAST(N'2001-04-30' AS Date), N'Nam', N'5 Cay Da P14 Q8 TPHCM', 0, N'Quoc Te', N'12005', N'2020-2023')
INSERT [dbo].[SINHVIEN] ([MASV], [HOSV], [TENSV], [CMND], [TUOI], [NAMSINH], [PHAI], [DIACHI], [CONGNO], [LHDT], [MALOP], [KHOAHOC]) VALUES (N'20095', N'Le', N'Cat Tuong', N'040411545210', 20, CAST(N'2002-01-11' AS Date), N'Nu', N'56/9 Duong Ba Trac P2 Q8 TPHCM', 0, N'Quoc Te', N'12004', N'2020-2023')
INSERT [dbo].[SINHVIEN] ([MASV], [HOSV], [TENSV], [CMND], [TUOI], [NAMSINH], [PHAI], [DIACHI], [CONGNO], [LHDT], [MALOP], [KHOAHOC]) VALUES (N'20096', N'Lu', N'Hoa Tuan Hiep', N'040411435950', 20, CAST(N'2002-06-11' AS Date), N'Nu', N'398 Tran Xuan Soan P.Tan Hung Q7 TPHCM', 0, N'Quoc Te', N'12005', N'2020-2023')
INSERT [dbo].[SINHVIEN] ([MASV], [HOSV], [TENSV], [CMND], [TUOI], [NAMSINH], [PHAI], [DIACHI], [CONGNO], [LHDT], [MALOP], [KHOAHOC]) VALUES (N'20097', N'Ma', N'Cuong Vy', N'040411541112', 20, CAST(N'2002-07-21' AS Date), N'Nam', N'12 Tran Xuan Soan P. Tan Hung Q7 TPHCM', 0, N'Quoc Te', N'12005', N'2020-2023')
INSERT [dbo].[SINHVIEN] ([MASV], [HOSV], [TENSV], [CMND], [TUOI], [NAMSINH], [PHAI], [DIACHI], [CONGNO], [LHDT], [MALOP], [KHOAHOC]) VALUES (N'20098', N'Nguyen', N'Ngoc Thanh Thao', N'040411741050', 20, CAST(N'2002-08-16' AS Date), N'Nu', N'125 Au Duong Lan P3 Q8 TPHCM', 0, N'Quoc Te', N'12005', N'2020-2023')
INSERT [dbo].[SINHVIEN] ([MASV], [HOSV], [TENSV], [CMND], [TUOI], [NAMSINH], [PHAI], [DIACHI], [CONGNO], [LHDT], [MALOP], [KHOAHOC]) VALUES (N'20099', N'Nguyen', N'Binh Phu', N'040411540258', 20, CAST(N'2002-09-19' AS Date), N'Nam', N'121/502 Cao Lo P4 Q8 TPHCM', 0, N'Quoc Te', N'12006', N'2020-2023')
INSERT [dbo].[SINHVIEN] ([MASV], [HOSV], [TENSV], [CMND], [TUOI], [NAMSINH], [PHAI], [DIACHI], [CONGNO], [LHDT], [MALOP], [KHOAHOC]) VALUES (N'20100', N'Ta', N'Uyen Nghi', N'040411543654', 20, CAST(N'2002-04-23' AS Date), N'Nu', N'707 Pham The Hien P4 Q8 TPHCM', 0, N'Quoc Te', N'12011', N'2020-2023')
INSERT [dbo].[SINHVIEN] ([MASV], [HOSV], [TENSV], [CMND], [TUOI], [NAMSINH], [PHAI], [DIACHI], [CONGNO], [LHDT], [MALOP], [KHOAHOC]) VALUES (N'20101', N'Nguyen', N'Dao Gia Thuan', N'0404115445839', 20, CAST(N'2002-05-17' AS Date), N'Nam', N'26 Le Quang Kim P9 Q8 TPHCM', 0, N'Quoc Te', N'12011', N'2020-2023')
GO
INSERT [dbo].[SINHVIEN] ([MASV], [HOSV], [TENSV], [CMND], [TUOI], [NAMSINH], [PHAI], [DIACHI], [CONGNO], [LHDT], [MALOP], [KHOAHOC]) VALUES (N'20102', N'Pham', N'Van Tuan', N'10404115472530', 20, CAST(N'2002-02-14' AS Date), N'Nam', N'58 Nguyen Thi Tan P2 Q8 TPHCM', 0, N'Quoc Te', N'12001', N'2020-2023')
INSERT [dbo].[SINHVIEN] ([MASV], [HOSV], [TENSV], [CMND], [TUOI], [NAMSINH], [PHAI], [DIACHI], [CONGNO], [LHDT], [MALOP], [KHOAHOC]) VALUES (N'20103', N'Le', N'Thi Phuong Nga', N'20404115472503', 20, CAST(N'2002-05-19' AS Date), N'Nu', N'5 Vo Van Tan P6 Q3 TPHCM', 0, N'Quoc Te', N'12002', N'2020-2023')
INSERT [dbo].[SINHVIEN] ([MASV], [HOSV], [TENSV], [CMND], [TUOI], [NAMSINH], [PHAI], [DIACHI], [CONGNO], [LHDT], [MALOP], [KHOAHOC]) VALUES (N'20104', N'Vo', N'Tan Dat', N'30404115472530', 20, CAST(N'2002-06-18' AS Date), N'Nam', N'13 Le Duan P.Ben Nghe Q1 TPHCM', 0, N'Quoc Te', N'12003', N'2020-2023')
INSERT [dbo].[SINHVIEN] ([MASV], [HOSV], [TENSV], [CMND], [TUOI], [NAMSINH], [PHAI], [DIACHI], [CONGNO], [LHDT], [MALOP], [KHOAHOC]) VALUES (N'20105', N'Nguyen', N'Tri Khanh', N'40404113547250', 20, CAST(N'2002-10-24' AS Date), N'Nam', N'107 Tran Van Dang P11 Q3 TPHCM', 0, N'Quoc Te', N'12004', N'2020-2023')
INSERT [dbo].[SINHVIEN] ([MASV], [HOSV], [TENSV], [CMND], [TUOI], [NAMSINH], [PHAI], [DIACHI], [CONGNO], [LHDT], [MALOP], [KHOAHOC]) VALUES (N'20106', N'Nguyen', N'Huu Trong', N'504041115347250', 20, CAST(N'2002-11-12' AS Date), N'Nam', N'70 Bac Hai P6 Q10 TPHCM', 0, N'Quoc Te', N'12005', N'2020-2023')
INSERT [dbo].[SINHVIEN] ([MASV], [HOSV], [TENSV], [CMND], [TUOI], [NAMSINH], [PHAI], [DIACHI], [CONGNO], [LHDT], [MALOP], [KHOAHOC]) VALUES (N'20107', N'Nguyen', N'Hoang Vu', N'60404115437250', 20, CAST(N'2002-08-26' AS Date), N'Nam', N'221 Le Van Si P1 Q.Tan Binh TPHCM', 0, N'Quoc Te', N'12006', N'2020-2023')
INSERT [dbo].[SINHVIEN] ([MASV], [HOSV], [TENSV], [CMND], [TUOI], [NAMSINH], [PHAI], [DIACHI], [CONGNO], [LHDT], [MALOP], [KHOAHOC]) VALUES (N'20108', N'Le', N'Tien Thanh', N'7040421153473250', 20, CAST(N'2002-07-31' AS Date), N'Nam', N'88 Bui Thi Xuan P3 Q.Tan Binh TPHCM', 0, N'Quoc Te', N'12012', N'2020-2023')
INSERT [dbo].[SINHVIEN] ([MASV], [HOSV], [TENSV], [CMND], [TUOI], [NAMSINH], [PHAI], [DIACHI], [CONGNO], [LHDT], [MALOP], [KHOAHOC]) VALUES (N'20109', N'Ta', N'Tan Tai', N'804041113547250', 20, CAST(N'2002-12-18' AS Date), N'Nam', N'12b Au Co P.Tan Son Nhi Q.Tan Phu TPHCM', 0, N'Quoc Te', N'12011', N'2020-2023')
INSERT [dbo].[SINHVIEN] ([MASV], [HOSV], [TENSV], [CMND], [TUOI], [NAMSINH], [PHAI], [DIACHI], [CONGNO], [LHDT], [MALOP], [KHOAHOC]) VALUES (N'20110', N'Do', N'Phuoc Thinh', N'040411142534', 20, CAST(N'2002-05-11' AS Date), N'Nam', N'2100 Pham The Hien P4 Q8 TPHCM', 0, N'Quoc Te', N'12011', N'2020-2023')
INSERT [dbo].[SINHVIEN] ([MASV], [HOSV], [TENSV], [CMND], [TUOI], [NAMSINH], [PHAI], [DIACHI], [CONGNO], [LHDT], [MALOP], [KHOAHOC]) VALUES (N'20111', N'Nguyen', N'Ho Phuc Loc', N'00430411547250', 20, CAST(N'2002-01-05' AS Date), N'Nam', N'323 Thoai Ngoc Hau P.Phu Thanh Q.Tan Phu TPHCM', 0, N'Quoc Te', N'12001', N'2020-2023')
INSERT [dbo].[SINHVIEN] ([MASV], [HOSV], [TENSV], [CMND], [TUOI], [NAMSINH], [PHAI], [DIACHI], [CONGNO], [LHDT], [MALOP], [KHOAHOC]) VALUES (N'20112', N'Luu', N'Van Tai', N'0404115472250', 20, CAST(N'2002-06-18' AS Date), N'Nam', N'67 Tan Hoa P14 Q11 TPHCM', 0, N'Quoc Te', N'12002', N'2020-2023')
INSERT [dbo].[SINHVIEN] ([MASV], [HOSV], [TENSV], [CMND], [TUOI], [NAMSINH], [PHAI], [DIACHI], [CONGNO], [LHDT], [MALOP], [KHOAHOC]) VALUES (N'20113', N'Dao', N'Duy Manh', N'0404311547250', 20, CAST(N'2002-08-13' AS Date), N'Nam', N'612 Hong Bang P16 Q11 TPHCM', 0, N'Quoc Te', N'12002', N'2020-2023')
INSERT [dbo].[SINHVIEN] ([MASV], [HOSV], [TENSV], [CMND], [TUOI], [NAMSINH], [PHAI], [DIACHI], [CONGNO], [LHDT], [MALOP], [KHOAHOC]) VALUES (N'20114', N'Nguyen', N'Anh Thu', N'0401411547250', 20, CAST(N'2002-03-15' AS Date), N'Nu', N'557 3 thang 2 P7 Q11 TPHCM', 0, N'Quoc Te', N'12002', N'2020-2023')
INSERT [dbo].[SINHVIEN] ([MASV], [HOSV], [TENSV], [CMND], [TUOI], [NAMSINH], [PHAI], [DIACHI], [CONGNO], [LHDT], [MALOP], [KHOAHOC]) VALUES (N'20115', N'Tran', N'Huy Khang', N'0404115547250', 20, CAST(N'2002-01-29' AS Date), N'Nam', N'27 Thanh Thai P14 Q10 TPHCM', 5000000, N'Quoc Te', N'12005', N'2020-2023')
INSERT [dbo].[SINHVIEN] ([MASV], [HOSV], [TENSV], [CMND], [TUOI], [NAMSINH], [PHAI], [DIACHI], [CONGNO], [LHDT], [MALOP], [KHOAHOC]) VALUES (N'20116', N'Le', N'Thuy Trang', N'04074115647250', 20, CAST(N'2002-11-11' AS Date), N'Nu', N'71 Nguyen Tat Thanh P12 Q4 TPHCM', 0, N'Quoc Te', N'12006', N'2020-2023')
INSERT [dbo].[SINHVIEN] ([MASV], [HOSV], [TENSV], [CMND], [TUOI], [NAMSINH], [PHAI], [DIACHI], [CONGNO], [LHDT], [MALOP], [KHOAHOC]) VALUES (N'20117', N'Nguyen', N'Truc Duy', N'0480411547250', 20, CAST(N'2002-09-30' AS Date), N'Nu', N'25 So 9 P.Tan Kien Q7  TPHCM', 0, N'Quoc Te', N'12001', N'2020-2023')
INSERT [dbo].[SINHVIEN] ([MASV], [HOSV], [TENSV], [CMND], [TUOI], [NAMSINH], [PHAI], [DIACHI], [CONGNO], [LHDT], [MALOP], [KHOAHOC]) VALUES (N'20118', N'Nguyen', N'Thi Ngoc', N'0404811547250', 20, CAST(N'2002-12-29' AS Date), N'Nu', N'98 Le Van Viet P.Tan Phu Q9  TPHCM', 0, N'Quoc Te', N'12012', N'2020-2023')
INSERT [dbo].[SINHVIEN] ([MASV], [HOSV], [TENSV], [CMND], [TUOI], [NAMSINH], [PHAI], [DIACHI], [CONGNO], [LHDT], [MALOP], [KHOAHOC]) VALUES (N'20119', N'Ho', N'Minh Thu', N'0404115947250', 20, CAST(N'2002-07-01' AS Date), N'Nu', N'15 So 1 P.Dong Hoa Q.Thu DucTPHCM', 0, N'Quoc Te', N'12004', N'2020-2023')
INSERT [dbo].[SINHVIEN] ([MASV], [HOSV], [TENSV], [CMND], [TUOI], [NAMSINH], [PHAI], [DIACHI], [CONGNO], [LHDT], [MALOP], [KHOAHOC]) VALUES (N'20120', N'Le', N'Ngoc Chau', N'0404411547250', 20, CAST(N'2002-07-31' AS Date), N'Nu', N'89 Dao Trinh Nhat P.An Binh Q.Di An TP.Binh Duong', 17600000, N'Quoc Te', N'12004', N'2020-2023')
GO
/*Hoàn thành database lưu trữ thông tin  toàn bộ sinh viên*/
SET IDENTITY_INSERT [dbo].[USERLOGIN] ON 

INSERT [dbo].[USERLOGIN] ([ID], [USERNAME], [PASSWORD], [VAITRO], [MASV]) VALUES (1, N'admin', N'8c6976e5b5410415bde908bd4dee15dfb167a9c873fc4bb8a81f6f2ab448a918', N'admin', NULL)
INSERT [dbo].[USERLOGIN] ([ID], [USERNAME], [PASSWORD], [VAITRO], [MASV]) VALUES (2, N'sinhvien', N'3fc7ab58c292e3cadb42707d64aa48c326c77993e43ae34c065f7dbced2110e5', N'sinh viên', N'20001')
INSERT [dbo].[USERLOGIN] ([ID], [USERNAME], [PASSWORD], [VAITRO], [MASV]) VALUES (3, N'sinhvien1', N'04763aa242dadaee9209767fdb50c9b39901642246011fcbfc8cf6841e819b29', N'sinh viên', N'20002')
INSERT [dbo].[USERLOGIN] ([ID], [USERNAME], [PASSWORD], [VAITRO], [MASV]) VALUES (4, N'admin1', N'25f43b1486ad95a1398e3eeb3d83bc4010015fcc9bedb35b432e00298d5021f7', N'admin', NULL)
INSERT [dbo].[USERLOGIN] ([ID], [USERNAME], [PASSWORD], [VAITRO], [MASV]) VALUES (5, N'sinhvien2', N'4d29bd7d3e057cdcad13c5469d23a811b089f5bf76ddef65ad551dd40a7cf5c8', N'sinh viên', N'20003')
INSERT [dbo].[USERLOGIN] ([ID], [USERNAME], [PASSWORD], [VAITRO], [MASV]) VALUES (6, N'sinhvien3', N'70ccba4dd9e3878b7daf6e118f86b97e8b9250db01975fce46acf43c9f3f93e8', N'sinh viên', N'20023')
INSERT [dbo].[USERLOGIN] ([ID], [USERNAME], [PASSWORD], [VAITRO], [MASV]) VALUES (7, N'sinhvien22', N'672dab6ba1dcfa60d51f307872e9252a7817bb738eff48e70224b9b1757332a5', N'sinh viên', N'20028')
SET IDENTITY_INSERT [dbo].[USERLOGIN] OFF
GO
SET ANSI_PADDING ON
GO
/****** Object:  Index [HOCBONG_MASV_UNI]    Script Date: 17/07/2023 9:09:22 PM ******/
ALTER TABLE [dbo].[HOCBONG] ADD  CONSTRAINT [HOCBONG_MASV_UNI] UNIQUE NONCLUSTERED 
(
	[MASV] ASC
)WITH (PAD_INDEX = OFF, STATISTICS_NORECOMPUTE = OFF, SORT_IN_TEMPDB = OFF, IGNORE_DUP_KEY = OFF, ONLINE = OFF, ALLOW_ROW_LOCKS = ON, ALLOW_PAGE_LOCKS = ON, OPTIMIZE_FOR_SEQUENTIAL_KEY = OFF) ON [PRIMARY]
GO
SET ANSI_PADDING ON
GO
/****** Object:  Index [UQ__LOP__9B3A2CE604E837D9]    Script Date: 17/07/2023 9:09:22 PM ******/
ALTER TABLE [dbo].[LOP] ADD UNIQUE NONCLUSTERED 
(
	[LOPTRUONG] ASC
)WITH (PAD_INDEX = OFF, STATISTICS_NORECOMPUTE = OFF, SORT_IN_TEMPDB = OFF, IGNORE_DUP_KEY = OFF, ONLINE = OFF, ALLOW_ROW_LOCKS = ON, ALLOW_PAGE_LOCKS = ON, OPTIMIZE_FOR_SEQUENTIAL_KEY = OFF) ON [PRIMARY]
GO
SET ANSI_PADDING ON
GO
/****** Object:  Index [UNIQ_USERNAME]    Script Date: 17/07/2023 9:09:22 PM ******/
ALTER TABLE [dbo].[USERLOGIN] ADD  CONSTRAINT [UNIQ_USERNAME] UNIQUE NONCLUSTERED 
(
	[USERNAME] ASC
)WITH (PAD_INDEX = OFF, STATISTICS_NORECOMPUTE = OFF, SORT_IN_TEMPDB = OFF, IGNORE_DUP_KEY = OFF, ONLINE = OFF, ALLOW_ROW_LOCKS = ON, ALLOW_PAGE_LOCKS = ON, OPTIMIZE_FOR_SEQUENTIAL_KEY = OFF) ON [PRIMARY]
GO
/****** Object:  Index [IX_USER]    Script Date: 17/07/2023 9:09:22 PM ******/
CREATE NONCLUSTERED INDEX [IX_USER] ON [dbo].[USERLOGIN]
(
	[ID] ASC
)WITH (PAD_INDEX = OFF, STATISTICS_NORECOMPUTE = OFF, SORT_IN_TEMPDB = OFF, DROP_EXISTING = OFF, ONLINE = OFF, ALLOW_ROW_LOCKS = ON, ALLOW_PAGE_LOCKS = ON, OPTIMIZE_FOR_SEQUENTIAL_KEY = OFF) ON [PRIMARY]
GO
ALTER TABLE [dbo].[DKHP] ADD  CONSTRAINT [diemtk_df]  DEFAULT ((0)) FOR [DIEMTKY]
GO
ALTER TABLE [dbo].[DKHP] ADD  CONSTRAINT [diemGk_df]  DEFAULT ((0)) FOR [DIEMGK]
GO
ALTER TABLE [dbo].[DKHP] ADD  CONSTRAINT [diemck_df]  DEFAULT ((0)) FOR [DIEMCK]
GO
ALTER TABLE [dbo].[DKHP] ADD  CONSTRAINT [diemhe10_df]  DEFAULT ((0)) FOR [DIEMTBHE10]
GO
ALTER TABLE [dbo].[DKHP] ADD  CONSTRAINT [diemhe4_df]  DEFAULT ((0)) FOR [DIEMTBHE4]
GO
ALTER TABLE [dbo].[DKHP] ADD  DEFAULT ((1000000)) FOR [HOCPHI]
GO
ALTER TABLE [dbo].[LOPHP] ADD  CONSTRAINT [lophp_sstoida_df]  DEFAULT ((30)) FOR [SSTOIDA]
GO
ALTER TABLE [dbo].[SINHVIEN] ADD  DEFAULT ((0)) FOR [CONGNO]
GO
ALTER TABLE [dbo].[BOMON]  WITH CHECK ADD  CONSTRAINT [BOMON_MAKHOA_FK] FOREIGN KEY([MAKHOA])
REFERENCES [dbo].[KHOA] ([MAKHOA])
GO
ALTER TABLE [dbo].[BOMON] CHECK CONSTRAINT [BOMON_MAKHOA_FK]
GO
ALTER TABLE [dbo].[DKHP]  WITH CHECK ADD  CONSTRAINT [DKHP_MALHP_FK] FOREIGN KEY([MALHP])
REFERENCES [dbo].[LOPHP] ([MALHP])
GO
ALTER TABLE [dbo].[DKHP] CHECK CONSTRAINT [DKHP_MALHP_FK]
GO
ALTER TABLE [dbo].[DKHP]  WITH CHECK ADD  CONSTRAINT [DKHP_MASV_FK] FOREIGN KEY([MASV])
REFERENCES [dbo].[SINHVIEN] ([MASV])
GO
ALTER TABLE [dbo].[DKHP] CHECK CONSTRAINT [DKHP_MASV_FK]
GO
ALTER TABLE [dbo].[HOCBONG]  WITH CHECK ADD  CONSTRAINT [HB_MASV_FK] FOREIGN KEY([MASV])
REFERENCES [dbo].[SINHVIEN] ([MASV])
GO
ALTER TABLE [dbo].[HOCBONG] CHECK CONSTRAINT [HB_MASV_FK]
GO
ALTER TABLE [dbo].[HOCPHAN]  WITH CHECK ADD  CONSTRAINT [HOCPHAN_MABM_FK] FOREIGN KEY([MABM])
REFERENCES [dbo].[BOMON] ([MABM])
GO
ALTER TABLE [dbo].[HOCPHAN] CHECK CONSTRAINT [HOCPHAN_MABM_FK]
GO
ALTER TABLE [dbo].[LOP]  WITH CHECK ADD  CONSTRAINT [LOP_LOPTRUONG_FK] FOREIGN KEY([LOPTRUONG])
REFERENCES [dbo].[SINHVIEN] ([MASV])
GO
ALTER TABLE [dbo].[LOP] CHECK CONSTRAINT [LOP_LOPTRUONG_FK]
GO
ALTER TABLE [dbo].[LOP]  WITH CHECK ADD  CONSTRAINT [LOP_MAKHOA_FK] FOREIGN KEY([MAKHOA])
REFERENCES [dbo].[KHOA] ([MAKHOA])
GO
ALTER TABLE [dbo].[LOP] CHECK CONSTRAINT [LOP_MAKHOA_FK]
GO
ALTER TABLE [dbo].[LOPHP]  WITH CHECK ADD  CONSTRAINT [LOPHP_MAHP_FK] FOREIGN KEY([MAHP])
REFERENCES [dbo].[HOCPHAN] ([MAHP])
GO
ALTER TABLE [dbo].[LOPHP] CHECK CONSTRAINT [LOPHP_MAHP_FK]
GO
ALTER TABLE [dbo].[LOPHP]  WITH CHECK ADD  CONSTRAINT [LOPHP_MALOP_FK] FOREIGN KEY([MALOP])
REFERENCES [dbo].[LOP] ([MALOP])
GO
ALTER TABLE [dbo].[LOPHP] CHECK CONSTRAINT [LOPHP_MALOP_FK]
GO
ALTER TABLE [dbo].[SINHVIEN]  WITH CHECK ADD  CONSTRAINT [SINHVIEN_MALOP_FK] FOREIGN KEY([MALOP])
REFERENCES [dbo].[LOP] ([MALOP])
GO
ALTER TABLE [dbo].[SINHVIEN] CHECK CONSTRAINT [SINHVIEN_MALOP_FK]
GO
ALTER TABLE [dbo].[USERLOGIN]  WITH CHECK ADD  CONSTRAINT [FK_USERLOGIN_SINHVIEN] FOREIGN KEY([MASV])
REFERENCES [dbo].[SINHVIEN] ([MASV])
GO
ALTER TABLE [dbo].[USERLOGIN] CHECK CONSTRAINT [FK_USERLOGIN_SINHVIEN]
GO
ALTER TABLE [dbo].[DKHP]  WITH CHECK ADD CHECK  (([TTRANGHP]='DA THU' OR [TTRANGHP]='CHUA THU'))
GO
ALTER TABLE [dbo].[DKHP]  WITH CHECK ADD  CONSTRAINT [DKHP__DIEMCK__CK] CHECK  (([DIEMCK]<=(100) AND [DIEMCK]>=(0)))
GO
ALTER TABLE [dbo].[DKHP] CHECK CONSTRAINT [DKHP__DIEMCK__CK]
GO
ALTER TABLE [dbo].[DKHP]  WITH CHECK ADD  CONSTRAINT [DKHP__DIEMGK__CK] CHECK  (([DIEMGK]<=(100) AND [DIEMGK]>=(0)))
GO
ALTER TABLE [dbo].[DKHP] CHECK CONSTRAINT [DKHP__DIEMGK__CK]
GO
ALTER TABLE [dbo].[DKHP]  WITH CHECK ADD  CONSTRAINT [DKHP__DIEMTBHE10__CK] CHECK  (([DIEMTBHE10]<=(10) AND [DIEMTBHE10]>=(0)))
GO
ALTER TABLE [dbo].[DKHP] CHECK CONSTRAINT [DKHP__DIEMTBHE10__CK]
GO
ALTER TABLE [dbo].[DKHP]  WITH CHECK ADD  CONSTRAINT [DKHP__DIEMTBHE4__CK] CHECK  (([DIEMTBHE4]<=(4) AND [DIEMTBHE4]>=(0)))
GO
ALTER TABLE [dbo].[DKHP] CHECK CONSTRAINT [DKHP__DIEMTBHE4__CK]
GO
ALTER TABLE [dbo].[DKHP]  WITH CHECK ADD  CONSTRAINT [DKHP__DIEMTKY__CK] CHECK  (([DIEMTKY]<=(100) AND [DIEMTKY]>=(0)))
GO
ALTER TABLE [dbo].[DKHP] CHECK CONSTRAINT [DKHP__DIEMTKY__CK]
GO
ALTER TABLE [dbo].[HOCPHAN]  WITH CHECK ADD CHECK  (([BATBUOC]='KHONG' OR [BATBUOC]='CO'))
GO
ALTER TABLE [dbo].[HOCPHAN]  WITH CHECK ADD CHECK  (([SOTC]>=(2)))
GO
ALTER TABLE [dbo].[KHOA]  WITH CHECK ADD CHECK  ((len([SDTKHOA])=(10)))
GO
ALTER TABLE [dbo].[LOPHP]  WITH CHECK ADD  CONSTRAINT [LOPHP_DADK_CK] CHECK  (([DADK]<=[SSTOIDA]))
GO
ALTER TABLE [dbo].[LOPHP] CHECK CONSTRAINT [LOPHP_DADK_CK]
GO
ALTER TABLE [dbo].[LOPHP]  WITH CHECK ADD  CONSTRAINT [lophp_tg_check] CHECK  (([TGBD]<[TGKT]))
GO
ALTER TABLE [dbo].[LOPHP] CHECK CONSTRAINT [lophp_tg_check]
GO
ALTER TABLE [dbo].[SINHVIEN]  WITH CHECK ADD CHECK  ((datepart(year,[NAMSINH])<(2021)))
GO
ALTER TABLE [dbo].[SINHVIEN]  WITH CHECK ADD CHECK  (([PHAI]='NU' OR [PHAI]='NAM'))
GO
USE [master]
GO
ALTER DATABASE [QLHOCSINH] SET  READ_WRITE 
GO
